--
-- PostgreSQL database dump
--

\restrict CQXTmuTTxZhzleLEa8xxg6bsDLzgOVg0CW0PVPZWsN0nFMuowH2x0UdIQK6y1ok

-- Dumped from database version 17.6
-- Dumped by pg_dump version 17.7 (Homebrew)

SET statement_timeout = 0;
SET lock_timeout = 0;
SET idle_in_transaction_session_timeout = 0;
SET transaction_timeout = 0;
SET client_encoding = 'UTF8';
SET standard_conforming_strings = on;
SELECT pg_catalog.set_config('search_path', '', false);
SET check_function_bodies = false;
SET xmloption = content;
SET client_min_messages = warning;
SET row_security = off;

--
-- Name: auth; Type: SCHEMA; Schema: -; Owner: supabase_admin
--

CREATE SCHEMA auth;


ALTER SCHEMA auth OWNER TO supabase_admin;

--
-- Name: extensions; Type: SCHEMA; Schema: -; Owner: postgres
--

CREATE SCHEMA extensions;


ALTER SCHEMA extensions OWNER TO postgres;

--
-- Name: graphql; Type: SCHEMA; Schema: -; Owner: supabase_admin
--

CREATE SCHEMA graphql;


ALTER SCHEMA graphql OWNER TO supabase_admin;

--
-- Name: graphql_public; Type: SCHEMA; Schema: -; Owner: supabase_admin
--

CREATE SCHEMA graphql_public;


ALTER SCHEMA graphql_public OWNER TO supabase_admin;

--
-- Name: pgbouncer; Type: SCHEMA; Schema: -; Owner: pgbouncer
--

CREATE SCHEMA pgbouncer;


ALTER SCHEMA pgbouncer OWNER TO pgbouncer;

--
-- Name: public; Type: SCHEMA; Schema: -; Owner: postgres
--

-- *not* creating schema, since initdb creates it


ALTER SCHEMA public OWNER TO postgres;

--
-- Name: SCHEMA public; Type: COMMENT; Schema: -; Owner: postgres
--

COMMENT ON SCHEMA public IS '';


--
-- Name: realtime; Type: SCHEMA; Schema: -; Owner: supabase_admin
--

CREATE SCHEMA realtime;


ALTER SCHEMA realtime OWNER TO supabase_admin;

--
-- Name: storage; Type: SCHEMA; Schema: -; Owner: supabase_admin
--

CREATE SCHEMA storage;


ALTER SCHEMA storage OWNER TO supabase_admin;

--
-- Name: vault; Type: SCHEMA; Schema: -; Owner: supabase_admin
--

CREATE SCHEMA vault;


ALTER SCHEMA vault OWNER TO supabase_admin;

--
-- Name: pg_graphql; Type: EXTENSION; Schema: -; Owner: -
--

CREATE EXTENSION IF NOT EXISTS pg_graphql WITH SCHEMA graphql;


--
-- Name: EXTENSION pg_graphql; Type: COMMENT; Schema: -; Owner: 
--

COMMENT ON EXTENSION pg_graphql IS 'pg_graphql: GraphQL support';


--
-- Name: pg_stat_statements; Type: EXTENSION; Schema: -; Owner: -
--

CREATE EXTENSION IF NOT EXISTS pg_stat_statements WITH SCHEMA extensions;


--
-- Name: EXTENSION pg_stat_statements; Type: COMMENT; Schema: -; Owner: 
--

COMMENT ON EXTENSION pg_stat_statements IS 'track planning and execution statistics of all SQL statements executed';


--
-- Name: pgcrypto; Type: EXTENSION; Schema: -; Owner: -
--

CREATE EXTENSION IF NOT EXISTS pgcrypto WITH SCHEMA extensions;


--
-- Name: EXTENSION pgcrypto; Type: COMMENT; Schema: -; Owner: 
--

COMMENT ON EXTENSION pgcrypto IS 'cryptographic functions';


--
-- Name: supabase_vault; Type: EXTENSION; Schema: -; Owner: -
--

CREATE EXTENSION IF NOT EXISTS supabase_vault WITH SCHEMA vault;


--
-- Name: EXTENSION supabase_vault; Type: COMMENT; Schema: -; Owner: 
--

COMMENT ON EXTENSION supabase_vault IS 'Supabase Vault Extension';


--
-- Name: uuid-ossp; Type: EXTENSION; Schema: -; Owner: -
--

CREATE EXTENSION IF NOT EXISTS "uuid-ossp" WITH SCHEMA extensions;


--
-- Name: EXTENSION "uuid-ossp"; Type: COMMENT; Schema: -; Owner: 
--

COMMENT ON EXTENSION "uuid-ossp" IS 'generate universally unique identifiers (UUIDs)';


--
-- Name: aal_level; Type: TYPE; Schema: auth; Owner: supabase_auth_admin
--

CREATE TYPE auth.aal_level AS ENUM (
    'aal1',
    'aal2',
    'aal3'
);


ALTER TYPE auth.aal_level OWNER TO supabase_auth_admin;

--
-- Name: code_challenge_method; Type: TYPE; Schema: auth; Owner: supabase_auth_admin
--

CREATE TYPE auth.code_challenge_method AS ENUM (
    's256',
    'plain'
);


ALTER TYPE auth.code_challenge_method OWNER TO supabase_auth_admin;

--
-- Name: factor_status; Type: TYPE; Schema: auth; Owner: supabase_auth_admin
--

CREATE TYPE auth.factor_status AS ENUM (
    'unverified',
    'verified'
);


ALTER TYPE auth.factor_status OWNER TO supabase_auth_admin;

--
-- Name: factor_type; Type: TYPE; Schema: auth; Owner: supabase_auth_admin
--

CREATE TYPE auth.factor_type AS ENUM (
    'totp',
    'webauthn',
    'phone'
);


ALTER TYPE auth.factor_type OWNER TO supabase_auth_admin;

--
-- Name: oauth_authorization_status; Type: TYPE; Schema: auth; Owner: supabase_auth_admin
--

CREATE TYPE auth.oauth_authorization_status AS ENUM (
    'pending',
    'approved',
    'denied',
    'expired'
);


ALTER TYPE auth.oauth_authorization_status OWNER TO supabase_auth_admin;

--
-- Name: oauth_client_type; Type: TYPE; Schema: auth; Owner: supabase_auth_admin
--

CREATE TYPE auth.oauth_client_type AS ENUM (
    'public',
    'confidential'
);


ALTER TYPE auth.oauth_client_type OWNER TO supabase_auth_admin;

--
-- Name: oauth_registration_type; Type: TYPE; Schema: auth; Owner: supabase_auth_admin
--

CREATE TYPE auth.oauth_registration_type AS ENUM (
    'dynamic',
    'manual'
);


ALTER TYPE auth.oauth_registration_type OWNER TO supabase_auth_admin;

--
-- Name: oauth_response_type; Type: TYPE; Schema: auth; Owner: supabase_auth_admin
--

CREATE TYPE auth.oauth_response_type AS ENUM (
    'code'
);


ALTER TYPE auth.oauth_response_type OWNER TO supabase_auth_admin;

--
-- Name: one_time_token_type; Type: TYPE; Schema: auth; Owner: supabase_auth_admin
--

CREATE TYPE auth.one_time_token_type AS ENUM (
    'confirmation_token',
    'reauthentication_token',
    'recovery_token',
    'email_change_token_new',
    'email_change_token_current',
    'phone_change_token'
);


ALTER TYPE auth.one_time_token_type OWNER TO supabase_auth_admin;

--
-- Name: action; Type: TYPE; Schema: realtime; Owner: supabase_admin
--

CREATE TYPE realtime.action AS ENUM (
    'INSERT',
    'UPDATE',
    'DELETE',
    'TRUNCATE',
    'ERROR'
);


ALTER TYPE realtime.action OWNER TO supabase_admin;

--
-- Name: equality_op; Type: TYPE; Schema: realtime; Owner: supabase_admin
--

CREATE TYPE realtime.equality_op AS ENUM (
    'eq',
    'neq',
    'lt',
    'lte',
    'gt',
    'gte',
    'in'
);


ALTER TYPE realtime.equality_op OWNER TO supabase_admin;

--
-- Name: user_defined_filter; Type: TYPE; Schema: realtime; Owner: supabase_admin
--

CREATE TYPE realtime.user_defined_filter AS (
	column_name text,
	op realtime.equality_op,
	value text
);


ALTER TYPE realtime.user_defined_filter OWNER TO supabase_admin;

--
-- Name: wal_column; Type: TYPE; Schema: realtime; Owner: supabase_admin
--

CREATE TYPE realtime.wal_column AS (
	name text,
	type_name text,
	type_oid oid,
	value jsonb,
	is_pkey boolean,
	is_selectable boolean
);


ALTER TYPE realtime.wal_column OWNER TO supabase_admin;

--
-- Name: wal_rls; Type: TYPE; Schema: realtime; Owner: supabase_admin
--

CREATE TYPE realtime.wal_rls AS (
	wal jsonb,
	is_rls_enabled boolean,
	subscription_ids uuid[],
	errors text[]
);


ALTER TYPE realtime.wal_rls OWNER TO supabase_admin;

--
-- Name: buckettype; Type: TYPE; Schema: storage; Owner: supabase_storage_admin
--

CREATE TYPE storage.buckettype AS ENUM (
    'STANDARD',
    'ANALYTICS',
    'VECTOR'
);


ALTER TYPE storage.buckettype OWNER TO supabase_storage_admin;

--
-- Name: email(); Type: FUNCTION; Schema: auth; Owner: supabase_auth_admin
--

CREATE FUNCTION auth.email() RETURNS text
    LANGUAGE sql STABLE
    AS $$
  select 
  coalesce(
    nullif(current_setting('request.jwt.claim.email', true), ''),
    (nullif(current_setting('request.jwt.claims', true), '')::jsonb ->> 'email')
  )::text
$$;


ALTER FUNCTION auth.email() OWNER TO supabase_auth_admin;

--
-- Name: FUNCTION email(); Type: COMMENT; Schema: auth; Owner: supabase_auth_admin
--

COMMENT ON FUNCTION auth.email() IS 'Deprecated. Use auth.jwt() -> ''email'' instead.';


--
-- Name: jwt(); Type: FUNCTION; Schema: auth; Owner: supabase_auth_admin
--

CREATE FUNCTION auth.jwt() RETURNS jsonb
    LANGUAGE sql STABLE
    AS $$
  select 
    coalesce(
        nullif(current_setting('request.jwt.claim', true), ''),
        nullif(current_setting('request.jwt.claims', true), '')
    )::jsonb
$$;


ALTER FUNCTION auth.jwt() OWNER TO supabase_auth_admin;

--
-- Name: role(); Type: FUNCTION; Schema: auth; Owner: supabase_auth_admin
--

CREATE FUNCTION auth.role() RETURNS text
    LANGUAGE sql STABLE
    AS $$
  select 
  coalesce(
    nullif(current_setting('request.jwt.claim.role', true), ''),
    (nullif(current_setting('request.jwt.claims', true), '')::jsonb ->> 'role')
  )::text
$$;


ALTER FUNCTION auth.role() OWNER TO supabase_auth_admin;

--
-- Name: FUNCTION role(); Type: COMMENT; Schema: auth; Owner: supabase_auth_admin
--

COMMENT ON FUNCTION auth.role() IS 'Deprecated. Use auth.jwt() -> ''role'' instead.';


--
-- Name: uid(); Type: FUNCTION; Schema: auth; Owner: supabase_auth_admin
--

CREATE FUNCTION auth.uid() RETURNS uuid
    LANGUAGE sql STABLE
    AS $$
  select 
  coalesce(
    nullif(current_setting('request.jwt.claim.sub', true), ''),
    (nullif(current_setting('request.jwt.claims', true), '')::jsonb ->> 'sub')
  )::uuid
$$;


ALTER FUNCTION auth.uid() OWNER TO supabase_auth_admin;

--
-- Name: FUNCTION uid(); Type: COMMENT; Schema: auth; Owner: supabase_auth_admin
--

COMMENT ON FUNCTION auth.uid() IS 'Deprecated. Use auth.jwt() -> ''sub'' instead.';


--
-- Name: grant_pg_cron_access(); Type: FUNCTION; Schema: extensions; Owner: supabase_admin
--

CREATE FUNCTION extensions.grant_pg_cron_access() RETURNS event_trigger
    LANGUAGE plpgsql
    AS $$
BEGIN
  IF EXISTS (
    SELECT
    FROM pg_event_trigger_ddl_commands() AS ev
    JOIN pg_extension AS ext
    ON ev.objid = ext.oid
    WHERE ext.extname = 'pg_cron'
  )
  THEN
    grant usage on schema cron to postgres with grant option;

    alter default privileges in schema cron grant all on tables to postgres with grant option;
    alter default privileges in schema cron grant all on functions to postgres with grant option;
    alter default privileges in schema cron grant all on sequences to postgres with grant option;

    alter default privileges for user supabase_admin in schema cron grant all
        on sequences to postgres with grant option;
    alter default privileges for user supabase_admin in schema cron grant all
        on tables to postgres with grant option;
    alter default privileges for user supabase_admin in schema cron grant all
        on functions to postgres with grant option;

    grant all privileges on all tables in schema cron to postgres with grant option;
    revoke all on table cron.job from postgres;
    grant select on table cron.job to postgres with grant option;
  END IF;
END;
$$;


ALTER FUNCTION extensions.grant_pg_cron_access() OWNER TO supabase_admin;

--
-- Name: FUNCTION grant_pg_cron_access(); Type: COMMENT; Schema: extensions; Owner: supabase_admin
--

COMMENT ON FUNCTION extensions.grant_pg_cron_access() IS 'Grants access to pg_cron';


--
-- Name: grant_pg_graphql_access(); Type: FUNCTION; Schema: extensions; Owner: supabase_admin
--

CREATE FUNCTION extensions.grant_pg_graphql_access() RETURNS event_trigger
    LANGUAGE plpgsql
    AS $_$
DECLARE
    func_is_graphql_resolve bool;
BEGIN
    func_is_graphql_resolve = (
        SELECT n.proname = 'resolve'
        FROM pg_event_trigger_ddl_commands() AS ev
        LEFT JOIN pg_catalog.pg_proc AS n
        ON ev.objid = n.oid
    );

    IF func_is_graphql_resolve
    THEN
        -- Update public wrapper to pass all arguments through to the pg_graphql resolve func
        DROP FUNCTION IF EXISTS graphql_public.graphql;
        create or replace function graphql_public.graphql(
            "operationName" text default null,
            query text default null,
            variables jsonb default null,
            extensions jsonb default null
        )
            returns jsonb
            language sql
        as $$
            select graphql.resolve(
                query := query,
                variables := coalesce(variables, '{}'),
                "operationName" := "operationName",
                extensions := extensions
            );
        $$;

        -- This hook executes when `graphql.resolve` is created. That is not necessarily the last
        -- function in the extension so we need to grant permissions on existing entities AND
        -- update default permissions to any others that are created after `graphql.resolve`
        grant usage on schema graphql to postgres, anon, authenticated, service_role;
        grant select on all tables in schema graphql to postgres, anon, authenticated, service_role;
        grant execute on all functions in schema graphql to postgres, anon, authenticated, service_role;
        grant all on all sequences in schema graphql to postgres, anon, authenticated, service_role;
        alter default privileges in schema graphql grant all on tables to postgres, anon, authenticated, service_role;
        alter default privileges in schema graphql grant all on functions to postgres, anon, authenticated, service_role;
        alter default privileges in schema graphql grant all on sequences to postgres, anon, authenticated, service_role;

        -- Allow postgres role to allow granting usage on graphql and graphql_public schemas to custom roles
        grant usage on schema graphql_public to postgres with grant option;
        grant usage on schema graphql to postgres with grant option;
    END IF;

END;
$_$;


ALTER FUNCTION extensions.grant_pg_graphql_access() OWNER TO supabase_admin;

--
-- Name: FUNCTION grant_pg_graphql_access(); Type: COMMENT; Schema: extensions; Owner: supabase_admin
--

COMMENT ON FUNCTION extensions.grant_pg_graphql_access() IS 'Grants access to pg_graphql';


--
-- Name: grant_pg_net_access(); Type: FUNCTION; Schema: extensions; Owner: supabase_admin
--

CREATE FUNCTION extensions.grant_pg_net_access() RETURNS event_trigger
    LANGUAGE plpgsql
    AS $$
BEGIN
  IF EXISTS (
    SELECT 1
    FROM pg_event_trigger_ddl_commands() AS ev
    JOIN pg_extension AS ext
    ON ev.objid = ext.oid
    WHERE ext.extname = 'pg_net'
  )
  THEN
    IF NOT EXISTS (
      SELECT 1
      FROM pg_roles
      WHERE rolname = 'supabase_functions_admin'
    )
    THEN
      CREATE USER supabase_functions_admin NOINHERIT CREATEROLE LOGIN NOREPLICATION;
    END IF;

    GRANT USAGE ON SCHEMA net TO supabase_functions_admin, postgres, anon, authenticated, service_role;

    IF EXISTS (
      SELECT FROM pg_extension
      WHERE extname = 'pg_net'
      -- all versions in use on existing projects as of 2025-02-20
      -- version 0.12.0 onwards don't need these applied
      AND extversion IN ('0.2', '0.6', '0.7', '0.7.1', '0.8', '0.10.0', '0.11.0')
    ) THEN
      ALTER function net.http_get(url text, params jsonb, headers jsonb, timeout_milliseconds integer) SECURITY DEFINER;
      ALTER function net.http_post(url text, body jsonb, params jsonb, headers jsonb, timeout_milliseconds integer) SECURITY DEFINER;

      ALTER function net.http_get(url text, params jsonb, headers jsonb, timeout_milliseconds integer) SET search_path = net;
      ALTER function net.http_post(url text, body jsonb, params jsonb, headers jsonb, timeout_milliseconds integer) SET search_path = net;

      REVOKE ALL ON FUNCTION net.http_get(url text, params jsonb, headers jsonb, timeout_milliseconds integer) FROM PUBLIC;
      REVOKE ALL ON FUNCTION net.http_post(url text, body jsonb, params jsonb, headers jsonb, timeout_milliseconds integer) FROM PUBLIC;

      GRANT EXECUTE ON FUNCTION net.http_get(url text, params jsonb, headers jsonb, timeout_milliseconds integer) TO supabase_functions_admin, postgres, anon, authenticated, service_role;
      GRANT EXECUTE ON FUNCTION net.http_post(url text, body jsonb, params jsonb, headers jsonb, timeout_milliseconds integer) TO supabase_functions_admin, postgres, anon, authenticated, service_role;
    END IF;
  END IF;
END;
$$;


ALTER FUNCTION extensions.grant_pg_net_access() OWNER TO supabase_admin;

--
-- Name: FUNCTION grant_pg_net_access(); Type: COMMENT; Schema: extensions; Owner: supabase_admin
--

COMMENT ON FUNCTION extensions.grant_pg_net_access() IS 'Grants access to pg_net';


--
-- Name: pgrst_ddl_watch(); Type: FUNCTION; Schema: extensions; Owner: supabase_admin
--

CREATE FUNCTION extensions.pgrst_ddl_watch() RETURNS event_trigger
    LANGUAGE plpgsql
    AS $$
DECLARE
  cmd record;
BEGIN
  FOR cmd IN SELECT * FROM pg_event_trigger_ddl_commands()
  LOOP
    IF cmd.command_tag IN (
      'CREATE SCHEMA', 'ALTER SCHEMA'
    , 'CREATE TABLE', 'CREATE TABLE AS', 'SELECT INTO', 'ALTER TABLE'
    , 'CREATE FOREIGN TABLE', 'ALTER FOREIGN TABLE'
    , 'CREATE VIEW', 'ALTER VIEW'
    , 'CREATE MATERIALIZED VIEW', 'ALTER MATERIALIZED VIEW'
    , 'CREATE FUNCTION', 'ALTER FUNCTION'
    , 'CREATE TRIGGER'
    , 'CREATE TYPE', 'ALTER TYPE'
    , 'CREATE RULE'
    , 'COMMENT'
    )
    -- don't notify in case of CREATE TEMP table or other objects created on pg_temp
    AND cmd.schema_name is distinct from 'pg_temp'
    THEN
      NOTIFY pgrst, 'reload schema';
    END IF;
  END LOOP;
END; $$;


ALTER FUNCTION extensions.pgrst_ddl_watch() OWNER TO supabase_admin;

--
-- Name: pgrst_drop_watch(); Type: FUNCTION; Schema: extensions; Owner: supabase_admin
--

CREATE FUNCTION extensions.pgrst_drop_watch() RETURNS event_trigger
    LANGUAGE plpgsql
    AS $$
DECLARE
  obj record;
BEGIN
  FOR obj IN SELECT * FROM pg_event_trigger_dropped_objects()
  LOOP
    IF obj.object_type IN (
      'schema'
    , 'table'
    , 'foreign table'
    , 'view'
    , 'materialized view'
    , 'function'
    , 'trigger'
    , 'type'
    , 'rule'
    )
    AND obj.is_temporary IS false -- no pg_temp objects
    THEN
      NOTIFY pgrst, 'reload schema';
    END IF;
  END LOOP;
END; $$;


ALTER FUNCTION extensions.pgrst_drop_watch() OWNER TO supabase_admin;

--
-- Name: set_graphql_placeholder(); Type: FUNCTION; Schema: extensions; Owner: supabase_admin
--

CREATE FUNCTION extensions.set_graphql_placeholder() RETURNS event_trigger
    LANGUAGE plpgsql
    AS $_$
    DECLARE
    graphql_is_dropped bool;
    BEGIN
    graphql_is_dropped = (
        SELECT ev.schema_name = 'graphql_public'
        FROM pg_event_trigger_dropped_objects() AS ev
        WHERE ev.schema_name = 'graphql_public'
    );

    IF graphql_is_dropped
    THEN
        create or replace function graphql_public.graphql(
            "operationName" text default null,
            query text default null,
            variables jsonb default null,
            extensions jsonb default null
        )
            returns jsonb
            language plpgsql
        as $$
            DECLARE
                server_version float;
            BEGIN
                server_version = (SELECT (SPLIT_PART((select version()), ' ', 2))::float);

                IF server_version >= 14 THEN
                    RETURN jsonb_build_object(
                        'errors', jsonb_build_array(
                            jsonb_build_object(
                                'message', 'pg_graphql extension is not enabled.'
                            )
                        )
                    );
                ELSE
                    RETURN jsonb_build_object(
                        'errors', jsonb_build_array(
                            jsonb_build_object(
                                'message', 'pg_graphql is only available on projects running Postgres 14 onwards.'
                            )
                        )
                    );
                END IF;
            END;
        $$;
    END IF;

    END;
$_$;


ALTER FUNCTION extensions.set_graphql_placeholder() OWNER TO supabase_admin;

--
-- Name: FUNCTION set_graphql_placeholder(); Type: COMMENT; Schema: extensions; Owner: supabase_admin
--

COMMENT ON FUNCTION extensions.set_graphql_placeholder() IS 'Reintroduces placeholder function for graphql_public.graphql';


--
-- Name: get_auth(text); Type: FUNCTION; Schema: pgbouncer; Owner: supabase_admin
--

CREATE FUNCTION pgbouncer.get_auth(p_usename text) RETURNS TABLE(username text, password text)
    LANGUAGE plpgsql SECURITY DEFINER
    SET search_path TO ''
    AS $_$
  BEGIN
      RAISE DEBUG 'PgBouncer auth request: %', p_usename;

      RETURN QUERY
      SELECT
          rolname::text,
          CASE WHEN rolvaliduntil < now()
              THEN null
              ELSE rolpassword::text
          END
      FROM pg_authid
      WHERE rolname=$1 and rolcanlogin;
  END;
  $_$;


ALTER FUNCTION pgbouncer.get_auth(p_usename text) OWNER TO supabase_admin;

--
-- Name: handle_new_user(); Type: FUNCTION; Schema: public; Owner: postgres
--

CREATE FUNCTION public.handle_new_user() RETURNS trigger
    LANGUAGE plpgsql SECURITY DEFINER
    AS $$
BEGIN
  INSERT INTO public.profiles (id, nick, email, is_confirmed)
  VALUES (
    new.id, 
    COALESCE(new.raw_user_meta_data->>'nick_name', split_part(new.email, '@', 1)), 
    new.email,
    (new.email_confirmed_at IS NOT NULL)
  );
  RETURN new;
END;
$$;


ALTER FUNCTION public.handle_new_user() OWNER TO postgres;

--
-- Name: apply_rls(jsonb, integer); Type: FUNCTION; Schema: realtime; Owner: supabase_admin
--

CREATE FUNCTION realtime.apply_rls(wal jsonb, max_record_bytes integer DEFAULT (1024 * 1024)) RETURNS SETOF realtime.wal_rls
    LANGUAGE plpgsql
    AS $$
declare
-- Regclass of the table e.g. public.notes
entity_ regclass = (quote_ident(wal ->> 'schema') || '.' || quote_ident(wal ->> 'table'))::regclass;

-- I, U, D, T: insert, update ...
action realtime.action = (
    case wal ->> 'action'
        when 'I' then 'INSERT'
        when 'U' then 'UPDATE'
        when 'D' then 'DELETE'
        else 'ERROR'
    end
);

-- Is row level security enabled for the table
is_rls_enabled bool = relrowsecurity from pg_class where oid = entity_;

subscriptions realtime.subscription[] = array_agg(subs)
    from
        realtime.subscription subs
    where
        subs.entity = entity_
        -- Filter by action early - only get subscriptions interested in this action
        -- action_filter column can be: '*' (all), 'INSERT', 'UPDATE', or 'DELETE'
        and (subs.action_filter = '*' or subs.action_filter = action::text);

-- Subscription vars
roles regrole[] = array_agg(distinct us.claims_role::text)
    from
        unnest(subscriptions) us;

working_role regrole;
claimed_role regrole;
claims jsonb;

subscription_id uuid;
subscription_has_access bool;
visible_to_subscription_ids uuid[] = '{}';

-- structured info for wal's columns
columns realtime.wal_column[];
-- previous identity values for update/delete
old_columns realtime.wal_column[];

error_record_exceeds_max_size boolean = octet_length(wal::text) > max_record_bytes;

-- Primary jsonb output for record
output jsonb;

begin
perform set_config('role', null, true);

columns =
    array_agg(
        (
            x->>'name',
            x->>'type',
            x->>'typeoid',
            realtime.cast(
                (x->'value') #>> '{}',
                coalesce(
                    (x->>'typeoid')::regtype, -- null when wal2json version <= 2.4
                    (x->>'type')::regtype
                )
            ),
            (pks ->> 'name') is not null,
            true
        )::realtime.wal_column
    )
    from
        jsonb_array_elements(wal -> 'columns') x
        left join jsonb_array_elements(wal -> 'pk') pks
            on (x ->> 'name') = (pks ->> 'name');

old_columns =
    array_agg(
        (
            x->>'name',
            x->>'type',
            x->>'typeoid',
            realtime.cast(
                (x->'value') #>> '{}',
                coalesce(
                    (x->>'typeoid')::regtype, -- null when wal2json version <= 2.4
                    (x->>'type')::regtype
                )
            ),
            (pks ->> 'name') is not null,
            true
        )::realtime.wal_column
    )
    from
        jsonb_array_elements(wal -> 'identity') x
        left join jsonb_array_elements(wal -> 'pk') pks
            on (x ->> 'name') = (pks ->> 'name');

for working_role in select * from unnest(roles) loop

    -- Update `is_selectable` for columns and old_columns
    columns =
        array_agg(
            (
                c.name,
                c.type_name,
                c.type_oid,
                c.value,
                c.is_pkey,
                pg_catalog.has_column_privilege(working_role, entity_, c.name, 'SELECT')
            )::realtime.wal_column
        )
        from
            unnest(columns) c;

    old_columns =
            array_agg(
                (
                    c.name,
                    c.type_name,
                    c.type_oid,
                    c.value,
                    c.is_pkey,
                    pg_catalog.has_column_privilege(working_role, entity_, c.name, 'SELECT')
                )::realtime.wal_column
            )
            from
                unnest(old_columns) c;

    if action <> 'DELETE' and count(1) = 0 from unnest(columns) c where c.is_pkey then
        return next (
            jsonb_build_object(
                'schema', wal ->> 'schema',
                'table', wal ->> 'table',
                'type', action
            ),
            is_rls_enabled,
            -- subscriptions is already filtered by entity
            (select array_agg(s.subscription_id) from unnest(subscriptions) as s where claims_role = working_role),
            array['Error 400: Bad Request, no primary key']
        )::realtime.wal_rls;

    -- The claims role does not have SELECT permission to the primary key of entity
    elsif action <> 'DELETE' and sum(c.is_selectable::int) <> count(1) from unnest(columns) c where c.is_pkey then
        return next (
            jsonb_build_object(
                'schema', wal ->> 'schema',
                'table', wal ->> 'table',
                'type', action
            ),
            is_rls_enabled,
            (select array_agg(s.subscription_id) from unnest(subscriptions) as s where claims_role = working_role),
            array['Error 401: Unauthorized']
        )::realtime.wal_rls;

    else
        output = jsonb_build_object(
            'schema', wal ->> 'schema',
            'table', wal ->> 'table',
            'type', action,
            'commit_timestamp', to_char(
                ((wal ->> 'timestamp')::timestamptz at time zone 'utc'),
                'YYYY-MM-DD"T"HH24:MI:SS.MS"Z"'
            ),
            'columns', (
                select
                    jsonb_agg(
                        jsonb_build_object(
                            'name', pa.attname,
                            'type', pt.typname
                        )
                        order by pa.attnum asc
                    )
                from
                    pg_attribute pa
                    join pg_type pt
                        on pa.atttypid = pt.oid
                where
                    attrelid = entity_
                    and attnum > 0
                    and pg_catalog.has_column_privilege(working_role, entity_, pa.attname, 'SELECT')
            )
        )
        -- Add "record" key for insert and update
        || case
            when action in ('INSERT', 'UPDATE') then
                jsonb_build_object(
                    'record',
                    (
                        select
                            jsonb_object_agg(
                                -- if unchanged toast, get column name and value from old record
                                coalesce((c).name, (oc).name),
                                case
                                    when (c).name is null then (oc).value
                                    else (c).value
                                end
                            )
                        from
                            unnest(columns) c
                            full outer join unnest(old_columns) oc
                                on (c).name = (oc).name
                        where
                            coalesce((c).is_selectable, (oc).is_selectable)
                            and ( not error_record_exceeds_max_size or (octet_length((c).value::text) <= 64))
                    )
                )
            else '{}'::jsonb
        end
        -- Add "old_record" key for update and delete
        || case
            when action = 'UPDATE' then
                jsonb_build_object(
                        'old_record',
                        (
                            select jsonb_object_agg((c).name, (c).value)
                            from unnest(old_columns) c
                            where
                                (c).is_selectable
                                and ( not error_record_exceeds_max_size or (octet_length((c).value::text) <= 64))
                        )
                    )
            when action = 'DELETE' then
                jsonb_build_object(
                    'old_record',
                    (
                        select jsonb_object_agg((c).name, (c).value)
                        from unnest(old_columns) c
                        where
                            (c).is_selectable
                            and ( not error_record_exceeds_max_size or (octet_length((c).value::text) <= 64))
                            and ( not is_rls_enabled or (c).is_pkey ) -- if RLS enabled, we can't secure deletes so filter to pkey
                    )
                )
            else '{}'::jsonb
        end;

        -- Create the prepared statement
        if is_rls_enabled and action <> 'DELETE' then
            if (select 1 from pg_prepared_statements where name = 'walrus_rls_stmt' limit 1) > 0 then
                deallocate walrus_rls_stmt;
            end if;
            execute realtime.build_prepared_statement_sql('walrus_rls_stmt', entity_, columns);
        end if;

        visible_to_subscription_ids = '{}';

        for subscription_id, claims in (
                select
                    subs.subscription_id,
                    subs.claims
                from
                    unnest(subscriptions) subs
                where
                    subs.entity = entity_
                    and subs.claims_role = working_role
                    and (
                        realtime.is_visible_through_filters(columns, subs.filters)
                        or (
                          action = 'DELETE'
                          and realtime.is_visible_through_filters(old_columns, subs.filters)
                        )
                    )
        ) loop

            if not is_rls_enabled or action = 'DELETE' then
                visible_to_subscription_ids = visible_to_subscription_ids || subscription_id;
            else
                -- Check if RLS allows the role to see the record
                perform
                    -- Trim leading and trailing quotes from working_role because set_config
                    -- doesn't recognize the role as valid if they are included
                    set_config('role', trim(both '"' from working_role::text), true),
                    set_config('request.jwt.claims', claims::text, true);

                execute 'execute walrus_rls_stmt' into subscription_has_access;

                if subscription_has_access then
                    visible_to_subscription_ids = visible_to_subscription_ids || subscription_id;
                end if;
            end if;
        end loop;

        perform set_config('role', null, true);

        return next (
            output,
            is_rls_enabled,
            visible_to_subscription_ids,
            case
                when error_record_exceeds_max_size then array['Error 413: Payload Too Large']
                else '{}'
            end
        )::realtime.wal_rls;

    end if;
end loop;

perform set_config('role', null, true);
end;
$$;


ALTER FUNCTION realtime.apply_rls(wal jsonb, max_record_bytes integer) OWNER TO supabase_admin;

--
-- Name: broadcast_changes(text, text, text, text, text, record, record, text); Type: FUNCTION; Schema: realtime; Owner: supabase_admin
--

CREATE FUNCTION realtime.broadcast_changes(topic_name text, event_name text, operation text, table_name text, table_schema text, new record, old record, level text DEFAULT 'ROW'::text) RETURNS void
    LANGUAGE plpgsql
    AS $$
DECLARE
    -- Declare a variable to hold the JSONB representation of the row
    row_data jsonb := '{}'::jsonb;
BEGIN
    IF level = 'STATEMENT' THEN
        RAISE EXCEPTION 'function can only be triggered for each row, not for each statement';
    END IF;
    -- Check the operation type and handle accordingly
    IF operation = 'INSERT' OR operation = 'UPDATE' OR operation = 'DELETE' THEN
        row_data := jsonb_build_object('old_record', OLD, 'record', NEW, 'operation', operation, 'table', table_name, 'schema', table_schema);
        PERFORM realtime.send (row_data, event_name, topic_name);
    ELSE
        RAISE EXCEPTION 'Unexpected operation type: %', operation;
    END IF;
EXCEPTION
    WHEN OTHERS THEN
        RAISE EXCEPTION 'Failed to process the row: %', SQLERRM;
END;

$$;


ALTER FUNCTION realtime.broadcast_changes(topic_name text, event_name text, operation text, table_name text, table_schema text, new record, old record, level text) OWNER TO supabase_admin;

--
-- Name: build_prepared_statement_sql(text, regclass, realtime.wal_column[]); Type: FUNCTION; Schema: realtime; Owner: supabase_admin
--

CREATE FUNCTION realtime.build_prepared_statement_sql(prepared_statement_name text, entity regclass, columns realtime.wal_column[]) RETURNS text
    LANGUAGE sql
    AS $$
      /*
      Builds a sql string that, if executed, creates a prepared statement to
      tests retrive a row from *entity* by its primary key columns.
      Example
          select realtime.build_prepared_statement_sql('public.notes', '{"id"}'::text[], '{"bigint"}'::text[])
      */
          select
      'prepare ' || prepared_statement_name || ' as
          select
              exists(
                  select
                      1
                  from
                      ' || entity || '
                  where
                      ' || string_agg(quote_ident(pkc.name) || '=' || quote_nullable(pkc.value #>> '{}') , ' and ') || '
              )'
          from
              unnest(columns) pkc
          where
              pkc.is_pkey
          group by
              entity
      $$;


ALTER FUNCTION realtime.build_prepared_statement_sql(prepared_statement_name text, entity regclass, columns realtime.wal_column[]) OWNER TO supabase_admin;

--
-- Name: cast(text, regtype); Type: FUNCTION; Schema: realtime; Owner: supabase_admin
--

CREATE FUNCTION realtime."cast"(val text, type_ regtype) RETURNS jsonb
    LANGUAGE plpgsql IMMUTABLE
    AS $$
    declare
      res jsonb;
    begin
      execute format('select to_jsonb(%L::'|| type_::text || ')', val)  into res;
      return res;
    end
    $$;


ALTER FUNCTION realtime."cast"(val text, type_ regtype) OWNER TO supabase_admin;

--
-- Name: check_equality_op(realtime.equality_op, regtype, text, text); Type: FUNCTION; Schema: realtime; Owner: supabase_admin
--

CREATE FUNCTION realtime.check_equality_op(op realtime.equality_op, type_ regtype, val_1 text, val_2 text) RETURNS boolean
    LANGUAGE plpgsql IMMUTABLE
    AS $$
      /*
      Casts *val_1* and *val_2* as type *type_* and check the *op* condition for truthiness
      */
      declare
          op_symbol text = (
              case
                  when op = 'eq' then '='
                  when op = 'neq' then '!='
                  when op = 'lt' then '<'
                  when op = 'lte' then '<='
                  when op = 'gt' then '>'
                  when op = 'gte' then '>='
                  when op = 'in' then '= any'
                  else 'UNKNOWN OP'
              end
          );
          res boolean;
      begin
          execute format(
              'select %L::'|| type_::text || ' ' || op_symbol
              || ' ( %L::'
              || (
                  case
                      when op = 'in' then type_::text || '[]'
                      else type_::text end
              )
              || ')', val_1, val_2) into res;
          return res;
      end;
      $$;


ALTER FUNCTION realtime.check_equality_op(op realtime.equality_op, type_ regtype, val_1 text, val_2 text) OWNER TO supabase_admin;

--
-- Name: is_visible_through_filters(realtime.wal_column[], realtime.user_defined_filter[]); Type: FUNCTION; Schema: realtime; Owner: supabase_admin
--

CREATE FUNCTION realtime.is_visible_through_filters(columns realtime.wal_column[], filters realtime.user_defined_filter[]) RETURNS boolean
    LANGUAGE sql IMMUTABLE
    AS $_$
    /*
    Should the record be visible (true) or filtered out (false) after *filters* are applied
    */
        select
            -- Default to allowed when no filters present
            $2 is null -- no filters. this should not happen because subscriptions has a default
            or array_length($2, 1) is null -- array length of an empty array is null
            or bool_and(
                coalesce(
                    realtime.check_equality_op(
                        op:=f.op,
                        type_:=coalesce(
                            col.type_oid::regtype, -- null when wal2json version <= 2.4
                            col.type_name::regtype
                        ),
                        -- cast jsonb to text
                        val_1:=col.value #>> '{}',
                        val_2:=f.value
                    ),
                    false -- if null, filter does not match
                )
            )
        from
            unnest(filters) f
            join unnest(columns) col
                on f.column_name = col.name;
    $_$;


ALTER FUNCTION realtime.is_visible_through_filters(columns realtime.wal_column[], filters realtime.user_defined_filter[]) OWNER TO supabase_admin;

--
-- Name: list_changes(name, name, integer, integer); Type: FUNCTION; Schema: realtime; Owner: supabase_admin
--

CREATE FUNCTION realtime.list_changes(publication name, slot_name name, max_changes integer, max_record_bytes integer) RETURNS SETOF realtime.wal_rls
    LANGUAGE sql
    SET log_min_messages TO 'fatal'
    AS $$
      with pub as (
        select
          concat_ws(
            ',',
            case when bool_or(pubinsert) then 'insert' else null end,
            case when bool_or(pubupdate) then 'update' else null end,
            case when bool_or(pubdelete) then 'delete' else null end
          ) as w2j_actions,
          coalesce(
            string_agg(
              realtime.quote_wal2json(format('%I.%I', schemaname, tablename)::regclass),
              ','
            ) filter (where ppt.tablename is not null and ppt.tablename not like '% %'),
            ''
          ) w2j_add_tables
        from
          pg_publication pp
          left join pg_publication_tables ppt
            on pp.pubname = ppt.pubname
        where
          pp.pubname = publication
        group by
          pp.pubname
        limit 1
      ),
      w2j as (
        select
          x.*, pub.w2j_add_tables
        from
          pub,
          pg_logical_slot_get_changes(
            slot_name, null, max_changes,
            'include-pk', 'true',
            'include-transaction', 'false',
            'include-timestamp', 'true',
            'include-type-oids', 'true',
            'format-version', '2',
            'actions', pub.w2j_actions,
            'add-tables', pub.w2j_add_tables
          ) x
      )
      select
        xyz.wal,
        xyz.is_rls_enabled,
        xyz.subscription_ids,
        xyz.errors
      from
        w2j,
        realtime.apply_rls(
          wal := w2j.data::jsonb,
          max_record_bytes := max_record_bytes
        ) xyz(wal, is_rls_enabled, subscription_ids, errors)
      where
        w2j.w2j_add_tables <> ''
        and xyz.subscription_ids[1] is not null
    $$;


ALTER FUNCTION realtime.list_changes(publication name, slot_name name, max_changes integer, max_record_bytes integer) OWNER TO supabase_admin;

--
-- Name: quote_wal2json(regclass); Type: FUNCTION; Schema: realtime; Owner: supabase_admin
--

CREATE FUNCTION realtime.quote_wal2json(entity regclass) RETURNS text
    LANGUAGE sql IMMUTABLE STRICT
    AS $$
      select
        (
          select string_agg('' || ch,'')
          from unnest(string_to_array(nsp.nspname::text, null)) with ordinality x(ch, idx)
          where
            not (x.idx = 1 and x.ch = '"')
            and not (
              x.idx = array_length(string_to_array(nsp.nspname::text, null), 1)
              and x.ch = '"'
            )
        )
        || '.'
        || (
          select string_agg('' || ch,'')
          from unnest(string_to_array(pc.relname::text, null)) with ordinality x(ch, idx)
          where
            not (x.idx = 1 and x.ch = '"')
            and not (
              x.idx = array_length(string_to_array(nsp.nspname::text, null), 1)
              and x.ch = '"'
            )
          )
      from
        pg_class pc
        join pg_namespace nsp
          on pc.relnamespace = nsp.oid
      where
        pc.oid = entity
    $$;


ALTER FUNCTION realtime.quote_wal2json(entity regclass) OWNER TO supabase_admin;

--
-- Name: send(jsonb, text, text, boolean); Type: FUNCTION; Schema: realtime; Owner: supabase_admin
--

CREATE FUNCTION realtime.send(payload jsonb, event text, topic text, private boolean DEFAULT true) RETURNS void
    LANGUAGE plpgsql
    AS $$
DECLARE
  generated_id uuid;
  final_payload jsonb;
BEGIN
  BEGIN
    -- Generate a new UUID for the id
    generated_id := gen_random_uuid();

    -- Check if payload has an 'id' key, if not, add the generated UUID
    IF payload ? 'id' THEN
      final_payload := payload;
    ELSE
      final_payload := jsonb_set(payload, '{id}', to_jsonb(generated_id));
    END IF;

    -- Set the topic configuration
    EXECUTE format('SET LOCAL realtime.topic TO %L', topic);

    -- Attempt to insert the message
    INSERT INTO realtime.messages (id, payload, event, topic, private, extension)
    VALUES (generated_id, final_payload, event, topic, private, 'broadcast');
  EXCEPTION
    WHEN OTHERS THEN
      -- Capture and notify the error
      RAISE WARNING 'ErrorSendingBroadcastMessage: %', SQLERRM;
  END;
END;
$$;


ALTER FUNCTION realtime.send(payload jsonb, event text, topic text, private boolean) OWNER TO supabase_admin;

--
-- Name: subscription_check_filters(); Type: FUNCTION; Schema: realtime; Owner: supabase_admin
--

CREATE FUNCTION realtime.subscription_check_filters() RETURNS trigger
    LANGUAGE plpgsql
    AS $$
    /*
    Validates that the user defined filters for a subscription:
    - refer to valid columns that the claimed role may access
    - values are coercable to the correct column type
    */
    declare
        col_names text[] = coalesce(
                array_agg(c.column_name order by c.ordinal_position),
                '{}'::text[]
            )
            from
                information_schema.columns c
            where
                format('%I.%I', c.table_schema, c.table_name)::regclass = new.entity
                and pg_catalog.has_column_privilege(
                    (new.claims ->> 'role'),
                    format('%I.%I', c.table_schema, c.table_name)::regclass,
                    c.column_name,
                    'SELECT'
                );
        filter realtime.user_defined_filter;
        col_type regtype;

        in_val jsonb;
    begin
        for filter in select * from unnest(new.filters) loop
            -- Filtered column is valid
            if not filter.column_name = any(col_names) then
                raise exception 'invalid column for filter %', filter.column_name;
            end if;

            -- Type is sanitized and safe for string interpolation
            col_type = (
                select atttypid::regtype
                from pg_catalog.pg_attribute
                where attrelid = new.entity
                      and attname = filter.column_name
            );
            if col_type is null then
                raise exception 'failed to lookup type for column %', filter.column_name;
            end if;

            -- Set maximum number of entries for in filter
            if filter.op = 'in'::realtime.equality_op then
                in_val = realtime.cast(filter.value, (col_type::text || '[]')::regtype);
                if coalesce(jsonb_array_length(in_val), 0) > 100 then
                    raise exception 'too many values for `in` filter. Maximum 100';
                end if;
            else
                -- raises an exception if value is not coercable to type
                perform realtime.cast(filter.value, col_type);
            end if;

        end loop;

        -- Apply consistent order to filters so the unique constraint on
        -- (subscription_id, entity, filters) can't be tricked by a different filter order
        new.filters = coalesce(
            array_agg(f order by f.column_name, f.op, f.value),
            '{}'
        ) from unnest(new.filters) f;

        return new;
    end;
    $$;


ALTER FUNCTION realtime.subscription_check_filters() OWNER TO supabase_admin;

--
-- Name: to_regrole(text); Type: FUNCTION; Schema: realtime; Owner: supabase_admin
--

CREATE FUNCTION realtime.to_regrole(role_name text) RETURNS regrole
    LANGUAGE sql IMMUTABLE
    AS $$ select role_name::regrole $$;


ALTER FUNCTION realtime.to_regrole(role_name text) OWNER TO supabase_admin;

--
-- Name: topic(); Type: FUNCTION; Schema: realtime; Owner: supabase_realtime_admin
--

CREATE FUNCTION realtime.topic() RETURNS text
    LANGUAGE sql STABLE
    AS $$
select nullif(current_setting('realtime.topic', true), '')::text;
$$;


ALTER FUNCTION realtime.topic() OWNER TO supabase_realtime_admin;

--
-- Name: can_insert_object(text, text, uuid, jsonb); Type: FUNCTION; Schema: storage; Owner: supabase_storage_admin
--

CREATE FUNCTION storage.can_insert_object(bucketid text, name text, owner uuid, metadata jsonb) RETURNS void
    LANGUAGE plpgsql
    AS $$
BEGIN
  INSERT INTO "storage"."objects" ("bucket_id", "name", "owner", "metadata") VALUES (bucketid, name, owner, metadata);
  -- hack to rollback the successful insert
  RAISE sqlstate 'PT200' using
  message = 'ROLLBACK',
  detail = 'rollback successful insert';
END
$$;


ALTER FUNCTION storage.can_insert_object(bucketid text, name text, owner uuid, metadata jsonb) OWNER TO supabase_storage_admin;

--
-- Name: delete_leaf_prefixes(text[], text[]); Type: FUNCTION; Schema: storage; Owner: supabase_storage_admin
--

CREATE FUNCTION storage.delete_leaf_prefixes(bucket_ids text[], names text[]) RETURNS void
    LANGUAGE plpgsql SECURITY DEFINER
    AS $$
DECLARE
    v_rows_deleted integer;
BEGIN
    LOOP
        WITH candidates AS (
            SELECT DISTINCT
                t.bucket_id,
                unnest(storage.get_prefixes(t.name)) AS name
            FROM unnest(bucket_ids, names) AS t(bucket_id, name)
        ),
        uniq AS (
             SELECT
                 bucket_id,
                 name,
                 storage.get_level(name) AS level
             FROM candidates
             WHERE name <> ''
             GROUP BY bucket_id, name
        ),
        leaf AS (
             SELECT
                 p.bucket_id,
                 p.name,
                 p.level
             FROM storage.prefixes AS p
                  JOIN uniq AS u
                       ON u.bucket_id = p.bucket_id
                           AND u.name = p.name
                           AND u.level = p.level
             WHERE NOT EXISTS (
                 SELECT 1
                 FROM storage.objects AS o
                 WHERE o.bucket_id = p.bucket_id
                   AND o.level = p.level + 1
                   AND o.name COLLATE "C" LIKE p.name || '/%'
             )
             AND NOT EXISTS (
                 SELECT 1
                 FROM storage.prefixes AS c
                 WHERE c.bucket_id = p.bucket_id
                   AND c.level = p.level + 1
                   AND c.name COLLATE "C" LIKE p.name || '/%'
             )
        )
        DELETE
        FROM storage.prefixes AS p
            USING leaf AS l
        WHERE p.bucket_id = l.bucket_id
          AND p.name = l.name
          AND p.level = l.level;

        GET DIAGNOSTICS v_rows_deleted = ROW_COUNT;
        EXIT WHEN v_rows_deleted = 0;
    END LOOP;
END;
$$;


ALTER FUNCTION storage.delete_leaf_prefixes(bucket_ids text[], names text[]) OWNER TO supabase_storage_admin;

--
-- Name: enforce_bucket_name_length(); Type: FUNCTION; Schema: storage; Owner: supabase_storage_admin
--

CREATE FUNCTION storage.enforce_bucket_name_length() RETURNS trigger
    LANGUAGE plpgsql
    AS $$
begin
    if length(new.name) > 100 then
        raise exception 'bucket name "%" is too long (% characters). Max is 100.', new.name, length(new.name);
    end if;
    return new;
end;
$$;


ALTER FUNCTION storage.enforce_bucket_name_length() OWNER TO supabase_storage_admin;

--
-- Name: extension(text); Type: FUNCTION; Schema: storage; Owner: supabase_storage_admin
--

CREATE FUNCTION storage.extension(name text) RETURNS text
    LANGUAGE plpgsql IMMUTABLE
    AS $$
DECLARE
    _parts text[];
    _filename text;
BEGIN
    SELECT string_to_array(name, '/') INTO _parts;
    SELECT _parts[array_length(_parts,1)] INTO _filename;
    RETURN reverse(split_part(reverse(_filename), '.', 1));
END
$$;


ALTER FUNCTION storage.extension(name text) OWNER TO supabase_storage_admin;

--
-- Name: filename(text); Type: FUNCTION; Schema: storage; Owner: supabase_storage_admin
--

CREATE FUNCTION storage.filename(name text) RETURNS text
    LANGUAGE plpgsql
    AS $$
DECLARE
_parts text[];
BEGIN
	select string_to_array(name, '/') into _parts;
	return _parts[array_length(_parts,1)];
END
$$;


ALTER FUNCTION storage.filename(name text) OWNER TO supabase_storage_admin;

--
-- Name: foldername(text); Type: FUNCTION; Schema: storage; Owner: supabase_storage_admin
--

CREATE FUNCTION storage.foldername(name text) RETURNS text[]
    LANGUAGE plpgsql IMMUTABLE
    AS $$
DECLARE
    _parts text[];
BEGIN
    -- Split on "/" to get path segments
    SELECT string_to_array(name, '/') INTO _parts;
    -- Return everything except the last segment
    RETURN _parts[1 : array_length(_parts,1) - 1];
END
$$;


ALTER FUNCTION storage.foldername(name text) OWNER TO supabase_storage_admin;

--
-- Name: get_common_prefix(text, text, text); Type: FUNCTION; Schema: storage; Owner: supabase_storage_admin
--

CREATE FUNCTION storage.get_common_prefix(p_key text, p_prefix text, p_delimiter text) RETURNS text
    LANGUAGE sql IMMUTABLE
    AS $$
SELECT CASE
    WHEN position(p_delimiter IN substring(p_key FROM length(p_prefix) + 1)) > 0
    THEN left(p_key, length(p_prefix) + position(p_delimiter IN substring(p_key FROM length(p_prefix) + 1)))
    ELSE NULL
END;
$$;


ALTER FUNCTION storage.get_common_prefix(p_key text, p_prefix text, p_delimiter text) OWNER TO supabase_storage_admin;

--
-- Name: get_level(text); Type: FUNCTION; Schema: storage; Owner: supabase_storage_admin
--

CREATE FUNCTION storage.get_level(name text) RETURNS integer
    LANGUAGE sql IMMUTABLE STRICT
    AS $$
SELECT array_length(string_to_array("name", '/'), 1);
$$;


ALTER FUNCTION storage.get_level(name text) OWNER TO supabase_storage_admin;

--
-- Name: get_prefix(text); Type: FUNCTION; Schema: storage; Owner: supabase_storage_admin
--

CREATE FUNCTION storage.get_prefix(name text) RETURNS text
    LANGUAGE sql IMMUTABLE STRICT
    AS $_$
SELECT
    CASE WHEN strpos("name", '/') > 0 THEN
             regexp_replace("name", '[\/]{1}[^\/]+\/?$', '')
         ELSE
             ''
        END;
$_$;


ALTER FUNCTION storage.get_prefix(name text) OWNER TO supabase_storage_admin;

--
-- Name: get_prefixes(text); Type: FUNCTION; Schema: storage; Owner: supabase_storage_admin
--

CREATE FUNCTION storage.get_prefixes(name text) RETURNS text[]
    LANGUAGE plpgsql IMMUTABLE STRICT
    AS $$
DECLARE
    parts text[];
    prefixes text[];
    prefix text;
BEGIN
    -- Split the name into parts by '/'
    parts := string_to_array("name", '/');
    prefixes := '{}';

    -- Construct the prefixes, stopping one level below the last part
    FOR i IN 1..array_length(parts, 1) - 1 LOOP
            prefix := array_to_string(parts[1:i], '/');
            prefixes := array_append(prefixes, prefix);
    END LOOP;

    RETURN prefixes;
END;
$$;


ALTER FUNCTION storage.get_prefixes(name text) OWNER TO supabase_storage_admin;

--
-- Name: get_size_by_bucket(); Type: FUNCTION; Schema: storage; Owner: supabase_storage_admin
--

CREATE FUNCTION storage.get_size_by_bucket() RETURNS TABLE(size bigint, bucket_id text)
    LANGUAGE plpgsql STABLE
    AS $$
BEGIN
    return query
        select sum((metadata->>'size')::bigint) as size, obj.bucket_id
        from "storage".objects as obj
        group by obj.bucket_id;
END
$$;


ALTER FUNCTION storage.get_size_by_bucket() OWNER TO supabase_storage_admin;

--
-- Name: list_multipart_uploads_with_delimiter(text, text, text, integer, text, text); Type: FUNCTION; Schema: storage; Owner: supabase_storage_admin
--

CREATE FUNCTION storage.list_multipart_uploads_with_delimiter(bucket_id text, prefix_param text, delimiter_param text, max_keys integer DEFAULT 100, next_key_token text DEFAULT ''::text, next_upload_token text DEFAULT ''::text) RETURNS TABLE(key text, id text, created_at timestamp with time zone)
    LANGUAGE plpgsql
    AS $_$
BEGIN
    RETURN QUERY EXECUTE
        'SELECT DISTINCT ON(key COLLATE "C") * from (
            SELECT
                CASE
                    WHEN position($2 IN substring(key from length($1) + 1)) > 0 THEN
                        substring(key from 1 for length($1) + position($2 IN substring(key from length($1) + 1)))
                    ELSE
                        key
                END AS key, id, created_at
            FROM
                storage.s3_multipart_uploads
            WHERE
                bucket_id = $5 AND
                key ILIKE $1 || ''%'' AND
                CASE
                    WHEN $4 != '''' AND $6 = '''' THEN
                        CASE
                            WHEN position($2 IN substring(key from length($1) + 1)) > 0 THEN
                                substring(key from 1 for length($1) + position($2 IN substring(key from length($1) + 1))) COLLATE "C" > $4
                            ELSE
                                key COLLATE "C" > $4
                            END
                    ELSE
                        true
                END AND
                CASE
                    WHEN $6 != '''' THEN
                        id COLLATE "C" > $6
                    ELSE
                        true
                    END
            ORDER BY
                key COLLATE "C" ASC, created_at ASC) as e order by key COLLATE "C" LIMIT $3'
        USING prefix_param, delimiter_param, max_keys, next_key_token, bucket_id, next_upload_token;
END;
$_$;


ALTER FUNCTION storage.list_multipart_uploads_with_delimiter(bucket_id text, prefix_param text, delimiter_param text, max_keys integer, next_key_token text, next_upload_token text) OWNER TO supabase_storage_admin;

--
-- Name: list_objects_with_delimiter(text, text, text, integer, text, text, text); Type: FUNCTION; Schema: storage; Owner: supabase_storage_admin
--

CREATE FUNCTION storage.list_objects_with_delimiter(_bucket_id text, prefix_param text, delimiter_param text, max_keys integer DEFAULT 100, start_after text DEFAULT ''::text, next_token text DEFAULT ''::text, sort_order text DEFAULT 'asc'::text) RETURNS TABLE(name text, id uuid, metadata jsonb, updated_at timestamp with time zone, created_at timestamp with time zone, last_accessed_at timestamp with time zone)
    LANGUAGE plpgsql STABLE
    AS $_$
DECLARE
    v_peek_name TEXT;
    v_current RECORD;
    v_common_prefix TEXT;

    -- Configuration
    v_is_asc BOOLEAN;
    v_prefix TEXT;
    v_start TEXT;
    v_upper_bound TEXT;
    v_file_batch_size INT;

    -- Seek state
    v_next_seek TEXT;
    v_count INT := 0;

    -- Dynamic SQL for batch query only
    v_batch_query TEXT;

BEGIN
    -- ========================================================================
    -- INITIALIZATION
    -- ========================================================================
    v_is_asc := lower(coalesce(sort_order, 'asc')) = 'asc';
    v_prefix := coalesce(prefix_param, '');
    v_start := CASE WHEN coalesce(next_token, '') <> '' THEN next_token ELSE coalesce(start_after, '') END;
    v_file_batch_size := LEAST(GREATEST(max_keys * 2, 100), 1000);

    -- Calculate upper bound for prefix filtering (bytewise, using COLLATE "C")
    IF v_prefix = '' THEN
        v_upper_bound := NULL;
    ELSIF right(v_prefix, 1) = delimiter_param THEN
        v_upper_bound := left(v_prefix, -1) || chr(ascii(delimiter_param) + 1);
    ELSE
        v_upper_bound := left(v_prefix, -1) || chr(ascii(right(v_prefix, 1)) + 1);
    END IF;

    -- Build batch query (dynamic SQL - called infrequently, amortized over many rows)
    IF v_is_asc THEN
        IF v_upper_bound IS NOT NULL THEN
            v_batch_query := 'SELECT o.name, o.id, o.updated_at, o.created_at, o.last_accessed_at, o.metadata ' ||
                'FROM storage.objects o WHERE o.bucket_id = $1 AND o.name COLLATE "C" >= $2 ' ||
                'AND o.name COLLATE "C" < $3 ORDER BY o.name COLLATE "C" ASC LIMIT $4';
        ELSE
            v_batch_query := 'SELECT o.name, o.id, o.updated_at, o.created_at, o.last_accessed_at, o.metadata ' ||
                'FROM storage.objects o WHERE o.bucket_id = $1 AND o.name COLLATE "C" >= $2 ' ||
                'ORDER BY o.name COLLATE "C" ASC LIMIT $4';
        END IF;
    ELSE
        IF v_upper_bound IS NOT NULL THEN
            v_batch_query := 'SELECT o.name, o.id, o.updated_at, o.created_at, o.last_accessed_at, o.metadata ' ||
                'FROM storage.objects o WHERE o.bucket_id = $1 AND o.name COLLATE "C" < $2 ' ||
                'AND o.name COLLATE "C" >= $3 ORDER BY o.name COLLATE "C" DESC LIMIT $4';
        ELSE
            v_batch_query := 'SELECT o.name, o.id, o.updated_at, o.created_at, o.last_accessed_at, o.metadata ' ||
                'FROM storage.objects o WHERE o.bucket_id = $1 AND o.name COLLATE "C" < $2 ' ||
                'ORDER BY o.name COLLATE "C" DESC LIMIT $4';
        END IF;
    END IF;

    -- ========================================================================
    -- SEEK INITIALIZATION: Determine starting position
    -- ========================================================================
    IF v_start = '' THEN
        IF v_is_asc THEN
            v_next_seek := v_prefix;
        ELSE
            -- DESC without cursor: find the last item in range
            IF v_upper_bound IS NOT NULL THEN
                SELECT o.name INTO v_next_seek FROM storage.objects o
                WHERE o.bucket_id = _bucket_id AND o.name COLLATE "C" >= v_prefix AND o.name COLLATE "C" < v_upper_bound
                ORDER BY o.name COLLATE "C" DESC LIMIT 1;
            ELSIF v_prefix <> '' THEN
                SELECT o.name INTO v_next_seek FROM storage.objects o
                WHERE o.bucket_id = _bucket_id AND o.name COLLATE "C" >= v_prefix
                ORDER BY o.name COLLATE "C" DESC LIMIT 1;
            ELSE
                SELECT o.name INTO v_next_seek FROM storage.objects o
                WHERE o.bucket_id = _bucket_id
                ORDER BY o.name COLLATE "C" DESC LIMIT 1;
            END IF;

            IF v_next_seek IS NOT NULL THEN
                v_next_seek := v_next_seek || delimiter_param;
            ELSE
                RETURN;
            END IF;
        END IF;
    ELSE
        -- Cursor provided: determine if it refers to a folder or leaf
        IF EXISTS (
            SELECT 1 FROM storage.objects o
            WHERE o.bucket_id = _bucket_id
              AND o.name COLLATE "C" LIKE v_start || delimiter_param || '%'
            LIMIT 1
        ) THEN
            -- Cursor refers to a folder
            IF v_is_asc THEN
                v_next_seek := v_start || chr(ascii(delimiter_param) + 1);
            ELSE
                v_next_seek := v_start || delimiter_param;
            END IF;
        ELSE
            -- Cursor refers to a leaf object
            IF v_is_asc THEN
                v_next_seek := v_start || delimiter_param;
            ELSE
                v_next_seek := v_start;
            END IF;
        END IF;
    END IF;

    -- ========================================================================
    -- MAIN LOOP: Hybrid peek-then-batch algorithm
    -- Uses STATIC SQL for peek (hot path) and DYNAMIC SQL for batch
    -- ========================================================================
    LOOP
        EXIT WHEN v_count >= max_keys;

        -- STEP 1: PEEK using STATIC SQL (plan cached, very fast)
        IF v_is_asc THEN
            IF v_upper_bound IS NOT NULL THEN
                SELECT o.name INTO v_peek_name FROM storage.objects o
                WHERE o.bucket_id = _bucket_id AND o.name COLLATE "C" >= v_next_seek AND o.name COLLATE "C" < v_upper_bound
                ORDER BY o.name COLLATE "C" ASC LIMIT 1;
            ELSE
                SELECT o.name INTO v_peek_name FROM storage.objects o
                WHERE o.bucket_id = _bucket_id AND o.name COLLATE "C" >= v_next_seek
                ORDER BY o.name COLLATE "C" ASC LIMIT 1;
            END IF;
        ELSE
            IF v_upper_bound IS NOT NULL THEN
                SELECT o.name INTO v_peek_name FROM storage.objects o
                WHERE o.bucket_id = _bucket_id AND o.name COLLATE "C" < v_next_seek AND o.name COLLATE "C" >= v_prefix
                ORDER BY o.name COLLATE "C" DESC LIMIT 1;
            ELSIF v_prefix <> '' THEN
                SELECT o.name INTO v_peek_name FROM storage.objects o
                WHERE o.bucket_id = _bucket_id AND o.name COLLATE "C" < v_next_seek AND o.name COLLATE "C" >= v_prefix
                ORDER BY o.name COLLATE "C" DESC LIMIT 1;
            ELSE
                SELECT o.name INTO v_peek_name FROM storage.objects o
                WHERE o.bucket_id = _bucket_id AND o.name COLLATE "C" < v_next_seek
                ORDER BY o.name COLLATE "C" DESC LIMIT 1;
            END IF;
        END IF;

        EXIT WHEN v_peek_name IS NULL;

        -- STEP 2: Check if this is a FOLDER or FILE
        v_common_prefix := storage.get_common_prefix(v_peek_name, v_prefix, delimiter_param);

        IF v_common_prefix IS NOT NULL THEN
            -- FOLDER: Emit and skip to next folder (no heap access needed)
            name := rtrim(v_common_prefix, delimiter_param);
            id := NULL;
            updated_at := NULL;
            created_at := NULL;
            last_accessed_at := NULL;
            metadata := NULL;
            RETURN NEXT;
            v_count := v_count + 1;

            -- Advance seek past the folder range
            IF v_is_asc THEN
                v_next_seek := left(v_common_prefix, -1) || chr(ascii(delimiter_param) + 1);
            ELSE
                v_next_seek := v_common_prefix;
            END IF;
        ELSE
            -- FILE: Batch fetch using DYNAMIC SQL (overhead amortized over many rows)
            -- For ASC: upper_bound is the exclusive upper limit (< condition)
            -- For DESC: prefix is the inclusive lower limit (>= condition)
            FOR v_current IN EXECUTE v_batch_query USING _bucket_id, v_next_seek,
                CASE WHEN v_is_asc THEN COALESCE(v_upper_bound, v_prefix) ELSE v_prefix END, v_file_batch_size
            LOOP
                v_common_prefix := storage.get_common_prefix(v_current.name, v_prefix, delimiter_param);

                IF v_common_prefix IS NOT NULL THEN
                    -- Hit a folder: exit batch, let peek handle it
                    v_next_seek := v_current.name;
                    EXIT;
                END IF;

                -- Emit file
                name := v_current.name;
                id := v_current.id;
                updated_at := v_current.updated_at;
                created_at := v_current.created_at;
                last_accessed_at := v_current.last_accessed_at;
                metadata := v_current.metadata;
                RETURN NEXT;
                v_count := v_count + 1;

                -- Advance seek past this file
                IF v_is_asc THEN
                    v_next_seek := v_current.name || delimiter_param;
                ELSE
                    v_next_seek := v_current.name;
                END IF;

                EXIT WHEN v_count >= max_keys;
            END LOOP;
        END IF;
    END LOOP;
END;
$_$;


ALTER FUNCTION storage.list_objects_with_delimiter(_bucket_id text, prefix_param text, delimiter_param text, max_keys integer, start_after text, next_token text, sort_order text) OWNER TO supabase_storage_admin;

--
-- Name: operation(); Type: FUNCTION; Schema: storage; Owner: supabase_storage_admin
--

CREATE FUNCTION storage.operation() RETURNS text
    LANGUAGE plpgsql STABLE
    AS $$
BEGIN
    RETURN current_setting('storage.operation', true);
END;
$$;


ALTER FUNCTION storage.operation() OWNER TO supabase_storage_admin;

--
-- Name: protect_delete(); Type: FUNCTION; Schema: storage; Owner: supabase_storage_admin
--

CREATE FUNCTION storage.protect_delete() RETURNS trigger
    LANGUAGE plpgsql
    AS $$
BEGIN
    -- Check if storage.allow_delete_query is set to 'true'
    IF COALESCE(current_setting('storage.allow_delete_query', true), 'false') != 'true' THEN
        RAISE EXCEPTION 'Direct deletion from storage tables is not allowed. Use the Storage API instead.'
            USING HINT = 'This prevents accidental data loss from orphaned objects.',
                  ERRCODE = '42501';
    END IF;
    RETURN NULL;
END;
$$;


ALTER FUNCTION storage.protect_delete() OWNER TO supabase_storage_admin;

--
-- Name: search(text, text, integer, integer, integer, text, text, text); Type: FUNCTION; Schema: storage; Owner: supabase_storage_admin
--

CREATE FUNCTION storage.search(prefix text, bucketname text, limits integer DEFAULT 100, levels integer DEFAULT 1, offsets integer DEFAULT 0, search text DEFAULT ''::text, sortcolumn text DEFAULT 'name'::text, sortorder text DEFAULT 'asc'::text) RETURNS TABLE(name text, id uuid, updated_at timestamp with time zone, created_at timestamp with time zone, last_accessed_at timestamp with time zone, metadata jsonb)
    LANGUAGE plpgsql STABLE
    AS $_$
DECLARE
    v_peek_name TEXT;
    v_current RECORD;
    v_common_prefix TEXT;
    v_delimiter CONSTANT TEXT := '/';

    -- Configuration
    v_limit INT;
    v_prefix TEXT;
    v_prefix_lower TEXT;
    v_is_asc BOOLEAN;
    v_order_by TEXT;
    v_sort_order TEXT;
    v_upper_bound TEXT;
    v_file_batch_size INT;

    -- Dynamic SQL for batch query only
    v_batch_query TEXT;

    -- Seek state
    v_next_seek TEXT;
    v_count INT := 0;
    v_skipped INT := 0;
BEGIN
    -- ========================================================================
    -- INITIALIZATION
    -- ========================================================================
    v_limit := LEAST(coalesce(limits, 100), 1500);
    v_prefix := coalesce(prefix, '') || coalesce(search, '');
    v_prefix_lower := lower(v_prefix);
    v_is_asc := lower(coalesce(sortorder, 'asc')) = 'asc';
    v_file_batch_size := LEAST(GREATEST(v_limit * 2, 100), 1000);

    -- Validate sort column
    CASE lower(coalesce(sortcolumn, 'name'))
        WHEN 'name' THEN v_order_by := 'name';
        WHEN 'updated_at' THEN v_order_by := 'updated_at';
        WHEN 'created_at' THEN v_order_by := 'created_at';
        WHEN 'last_accessed_at' THEN v_order_by := 'last_accessed_at';
        ELSE v_order_by := 'name';
    END CASE;

    v_sort_order := CASE WHEN v_is_asc THEN 'asc' ELSE 'desc' END;

    -- ========================================================================
    -- NON-NAME SORTING: Use path_tokens approach (unchanged)
    -- ========================================================================
    IF v_order_by != 'name' THEN
        RETURN QUERY EXECUTE format(
            $sql$
            WITH folders AS (
                SELECT path_tokens[$1] AS folder
                FROM storage.objects
                WHERE objects.name ILIKE $2 || '%%'
                  AND bucket_id = $3
                  AND array_length(objects.path_tokens, 1) <> $1
                GROUP BY folder
                ORDER BY folder %s
            )
            (SELECT folder AS "name",
                   NULL::uuid AS id,
                   NULL::timestamptz AS updated_at,
                   NULL::timestamptz AS created_at,
                   NULL::timestamptz AS last_accessed_at,
                   NULL::jsonb AS metadata FROM folders)
            UNION ALL
            (SELECT path_tokens[$1] AS "name",
                   id, updated_at, created_at, last_accessed_at, metadata
             FROM storage.objects
             WHERE objects.name ILIKE $2 || '%%'
               AND bucket_id = $3
               AND array_length(objects.path_tokens, 1) = $1
             ORDER BY %I %s)
            LIMIT $4 OFFSET $5
            $sql$, v_sort_order, v_order_by, v_sort_order
        ) USING levels, v_prefix, bucketname, v_limit, offsets;
        RETURN;
    END IF;

    -- ========================================================================
    -- NAME SORTING: Hybrid skip-scan with batch optimization
    -- ========================================================================

    -- Calculate upper bound for prefix filtering
    IF v_prefix_lower = '' THEN
        v_upper_bound := NULL;
    ELSIF right(v_prefix_lower, 1) = v_delimiter THEN
        v_upper_bound := left(v_prefix_lower, -1) || chr(ascii(v_delimiter) + 1);
    ELSE
        v_upper_bound := left(v_prefix_lower, -1) || chr(ascii(right(v_prefix_lower, 1)) + 1);
    END IF;

    -- Build batch query (dynamic SQL - called infrequently, amortized over many rows)
    IF v_is_asc THEN
        IF v_upper_bound IS NOT NULL THEN
            v_batch_query := 'SELECT o.name, o.id, o.updated_at, o.created_at, o.last_accessed_at, o.metadata ' ||
                'FROM storage.objects o WHERE o.bucket_id = $1 AND lower(o.name) COLLATE "C" >= $2 ' ||
                'AND lower(o.name) COLLATE "C" < $3 ORDER BY lower(o.name) COLLATE "C" ASC LIMIT $4';
        ELSE
            v_batch_query := 'SELECT o.name, o.id, o.updated_at, o.created_at, o.last_accessed_at, o.metadata ' ||
                'FROM storage.objects o WHERE o.bucket_id = $1 AND lower(o.name) COLLATE "C" >= $2 ' ||
                'ORDER BY lower(o.name) COLLATE "C" ASC LIMIT $4';
        END IF;
    ELSE
        IF v_upper_bound IS NOT NULL THEN
            v_batch_query := 'SELECT o.name, o.id, o.updated_at, o.created_at, o.last_accessed_at, o.metadata ' ||
                'FROM storage.objects o WHERE o.bucket_id = $1 AND lower(o.name) COLLATE "C" < $2 ' ||
                'AND lower(o.name) COLLATE "C" >= $3 ORDER BY lower(o.name) COLLATE "C" DESC LIMIT $4';
        ELSE
            v_batch_query := 'SELECT o.name, o.id, o.updated_at, o.created_at, o.last_accessed_at, o.metadata ' ||
                'FROM storage.objects o WHERE o.bucket_id = $1 AND lower(o.name) COLLATE "C" < $2 ' ||
                'ORDER BY lower(o.name) COLLATE "C" DESC LIMIT $4';
        END IF;
    END IF;

    -- Initialize seek position
    IF v_is_asc THEN
        v_next_seek := v_prefix_lower;
    ELSE
        -- DESC: find the last item in range first (static SQL)
        IF v_upper_bound IS NOT NULL THEN
            SELECT o.name INTO v_peek_name FROM storage.objects o
            WHERE o.bucket_id = bucketname AND lower(o.name) COLLATE "C" >= v_prefix_lower AND lower(o.name) COLLATE "C" < v_upper_bound
            ORDER BY lower(o.name) COLLATE "C" DESC LIMIT 1;
        ELSIF v_prefix_lower <> '' THEN
            SELECT o.name INTO v_peek_name FROM storage.objects o
            WHERE o.bucket_id = bucketname AND lower(o.name) COLLATE "C" >= v_prefix_lower
            ORDER BY lower(o.name) COLLATE "C" DESC LIMIT 1;
        ELSE
            SELECT o.name INTO v_peek_name FROM storage.objects o
            WHERE o.bucket_id = bucketname
            ORDER BY lower(o.name) COLLATE "C" DESC LIMIT 1;
        END IF;

        IF v_peek_name IS NOT NULL THEN
            v_next_seek := lower(v_peek_name) || v_delimiter;
        ELSE
            RETURN;
        END IF;
    END IF;

    -- ========================================================================
    -- MAIN LOOP: Hybrid peek-then-batch algorithm
    -- Uses STATIC SQL for peek (hot path) and DYNAMIC SQL for batch
    -- ========================================================================
    LOOP
        EXIT WHEN v_count >= v_limit;

        -- STEP 1: PEEK using STATIC SQL (plan cached, very fast)
        IF v_is_asc THEN
            IF v_upper_bound IS NOT NULL THEN
                SELECT o.name INTO v_peek_name FROM storage.objects o
                WHERE o.bucket_id = bucketname AND lower(o.name) COLLATE "C" >= v_next_seek AND lower(o.name) COLLATE "C" < v_upper_bound
                ORDER BY lower(o.name) COLLATE "C" ASC LIMIT 1;
            ELSE
                SELECT o.name INTO v_peek_name FROM storage.objects o
                WHERE o.bucket_id = bucketname AND lower(o.name) COLLATE "C" >= v_next_seek
                ORDER BY lower(o.name) COLLATE "C" ASC LIMIT 1;
            END IF;
        ELSE
            IF v_upper_bound IS NOT NULL THEN
                SELECT o.name INTO v_peek_name FROM storage.objects o
                WHERE o.bucket_id = bucketname AND lower(o.name) COLLATE "C" < v_next_seek AND lower(o.name) COLLATE "C" >= v_prefix_lower
                ORDER BY lower(o.name) COLLATE "C" DESC LIMIT 1;
            ELSIF v_prefix_lower <> '' THEN
                SELECT o.name INTO v_peek_name FROM storage.objects o
                WHERE o.bucket_id = bucketname AND lower(o.name) COLLATE "C" < v_next_seek AND lower(o.name) COLLATE "C" >= v_prefix_lower
                ORDER BY lower(o.name) COLLATE "C" DESC LIMIT 1;
            ELSE
                SELECT o.name INTO v_peek_name FROM storage.objects o
                WHERE o.bucket_id = bucketname AND lower(o.name) COLLATE "C" < v_next_seek
                ORDER BY lower(o.name) COLLATE "C" DESC LIMIT 1;
            END IF;
        END IF;

        EXIT WHEN v_peek_name IS NULL;

        -- STEP 2: Check if this is a FOLDER or FILE
        v_common_prefix := storage.get_common_prefix(lower(v_peek_name), v_prefix_lower, v_delimiter);

        IF v_common_prefix IS NOT NULL THEN
            -- FOLDER: Handle offset, emit if needed, skip to next folder
            IF v_skipped < offsets THEN
                v_skipped := v_skipped + 1;
            ELSE
                name := split_part(rtrim(storage.get_common_prefix(v_peek_name, v_prefix, v_delimiter), v_delimiter), v_delimiter, levels);
                id := NULL;
                updated_at := NULL;
                created_at := NULL;
                last_accessed_at := NULL;
                metadata := NULL;
                RETURN NEXT;
                v_count := v_count + 1;
            END IF;

            -- Advance seek past the folder range
            IF v_is_asc THEN
                v_next_seek := lower(left(v_common_prefix, -1)) || chr(ascii(v_delimiter) + 1);
            ELSE
                v_next_seek := lower(v_common_prefix);
            END IF;
        ELSE
            -- FILE: Batch fetch using DYNAMIC SQL (overhead amortized over many rows)
            -- For ASC: upper_bound is the exclusive upper limit (< condition)
            -- For DESC: prefix_lower is the inclusive lower limit (>= condition)
            FOR v_current IN EXECUTE v_batch_query
                USING bucketname, v_next_seek,
                    CASE WHEN v_is_asc THEN COALESCE(v_upper_bound, v_prefix_lower) ELSE v_prefix_lower END, v_file_batch_size
            LOOP
                v_common_prefix := storage.get_common_prefix(lower(v_current.name), v_prefix_lower, v_delimiter);

                IF v_common_prefix IS NOT NULL THEN
                    -- Hit a folder: exit batch, let peek handle it
                    v_next_seek := lower(v_current.name);
                    EXIT;
                END IF;

                -- Handle offset skipping
                IF v_skipped < offsets THEN
                    v_skipped := v_skipped + 1;
                ELSE
                    -- Emit file
                    name := split_part(v_current.name, v_delimiter, levels);
                    id := v_current.id;
                    updated_at := v_current.updated_at;
                    created_at := v_current.created_at;
                    last_accessed_at := v_current.last_accessed_at;
                    metadata := v_current.metadata;
                    RETURN NEXT;
                    v_count := v_count + 1;
                END IF;

                -- Advance seek past this file
                IF v_is_asc THEN
                    v_next_seek := lower(v_current.name) || v_delimiter;
                ELSE
                    v_next_seek := lower(v_current.name);
                END IF;

                EXIT WHEN v_count >= v_limit;
            END LOOP;
        END IF;
    END LOOP;
END;
$_$;


ALTER FUNCTION storage.search(prefix text, bucketname text, limits integer, levels integer, offsets integer, search text, sortcolumn text, sortorder text) OWNER TO supabase_storage_admin;

--
-- Name: search_by_timestamp(text, text, integer, integer, text, text, text, text); Type: FUNCTION; Schema: storage; Owner: supabase_storage_admin
--

CREATE FUNCTION storage.search_by_timestamp(p_prefix text, p_bucket_id text, p_limit integer, p_level integer, p_start_after text, p_sort_order text, p_sort_column text, p_sort_column_after text) RETURNS TABLE(key text, name text, id uuid, updated_at timestamp with time zone, created_at timestamp with time zone, last_accessed_at timestamp with time zone, metadata jsonb)
    LANGUAGE plpgsql STABLE
    AS $_$
DECLARE
    v_cursor_op text;
    v_query text;
    v_prefix text;
BEGIN
    v_prefix := coalesce(p_prefix, '');

    IF p_sort_order = 'asc' THEN
        v_cursor_op := '>';
    ELSE
        v_cursor_op := '<';
    END IF;

    v_query := format($sql$
        WITH raw_objects AS (
            SELECT
                o.name AS obj_name,
                o.id AS obj_id,
                o.updated_at AS obj_updated_at,
                o.created_at AS obj_created_at,
                o.last_accessed_at AS obj_last_accessed_at,
                o.metadata AS obj_metadata,
                storage.get_common_prefix(o.name, $1, '/') AS common_prefix
            FROM storage.objects o
            WHERE o.bucket_id = $2
              AND o.name COLLATE "C" LIKE $1 || '%%'
        ),
        -- Aggregate common prefixes (folders)
        -- Both created_at and updated_at use MIN(obj_created_at) to match the old prefixes table behavior
        aggregated_prefixes AS (
            SELECT
                rtrim(common_prefix, '/') AS name,
                NULL::uuid AS id,
                MIN(obj_created_at) AS updated_at,
                MIN(obj_created_at) AS created_at,
                NULL::timestamptz AS last_accessed_at,
                NULL::jsonb AS metadata,
                TRUE AS is_prefix
            FROM raw_objects
            WHERE common_prefix IS NOT NULL
            GROUP BY common_prefix
        ),
        leaf_objects AS (
            SELECT
                obj_name AS name,
                obj_id AS id,
                obj_updated_at AS updated_at,
                obj_created_at AS created_at,
                obj_last_accessed_at AS last_accessed_at,
                obj_metadata AS metadata,
                FALSE AS is_prefix
            FROM raw_objects
            WHERE common_prefix IS NULL
        ),
        combined AS (
            SELECT * FROM aggregated_prefixes
            UNION ALL
            SELECT * FROM leaf_objects
        ),
        filtered AS (
            SELECT *
            FROM combined
            WHERE (
                $5 = ''
                OR ROW(
                    date_trunc('milliseconds', %I),
                    name COLLATE "C"
                ) %s ROW(
                    COALESCE(NULLIF($6, '')::timestamptz, 'epoch'::timestamptz),
                    $5
                )
            )
        )
        SELECT
            split_part(name, '/', $3) AS key,
            name,
            id,
            updated_at,
            created_at,
            last_accessed_at,
            metadata
        FROM filtered
        ORDER BY
            COALESCE(date_trunc('milliseconds', %I), 'epoch'::timestamptz) %s,
            name COLLATE "C" %s
        LIMIT $4
    $sql$,
        p_sort_column,
        v_cursor_op,
        p_sort_column,
        p_sort_order,
        p_sort_order
    );

    RETURN QUERY EXECUTE v_query
    USING v_prefix, p_bucket_id, p_level, p_limit, p_start_after, p_sort_column_after;
END;
$_$;


ALTER FUNCTION storage.search_by_timestamp(p_prefix text, p_bucket_id text, p_limit integer, p_level integer, p_start_after text, p_sort_order text, p_sort_column text, p_sort_column_after text) OWNER TO supabase_storage_admin;

--
-- Name: search_legacy_v1(text, text, integer, integer, integer, text, text, text); Type: FUNCTION; Schema: storage; Owner: supabase_storage_admin
--

CREATE FUNCTION storage.search_legacy_v1(prefix text, bucketname text, limits integer DEFAULT 100, levels integer DEFAULT 1, offsets integer DEFAULT 0, search text DEFAULT ''::text, sortcolumn text DEFAULT 'name'::text, sortorder text DEFAULT 'asc'::text) RETURNS TABLE(name text, id uuid, updated_at timestamp with time zone, created_at timestamp with time zone, last_accessed_at timestamp with time zone, metadata jsonb)
    LANGUAGE plpgsql STABLE
    AS $_$
declare
    v_order_by text;
    v_sort_order text;
begin
    case
        when sortcolumn = 'name' then
            v_order_by = 'name';
        when sortcolumn = 'updated_at' then
            v_order_by = 'updated_at';
        when sortcolumn = 'created_at' then
            v_order_by = 'created_at';
        when sortcolumn = 'last_accessed_at' then
            v_order_by = 'last_accessed_at';
        else
            v_order_by = 'name';
        end case;

    case
        when sortorder = 'asc' then
            v_sort_order = 'asc';
        when sortorder = 'desc' then
            v_sort_order = 'desc';
        else
            v_sort_order = 'asc';
        end case;

    v_order_by = v_order_by || ' ' || v_sort_order;

    return query execute
        'with folders as (
           select path_tokens[$1] as folder
           from storage.objects
             where objects.name ilike $2 || $3 || ''%''
               and bucket_id = $4
               and array_length(objects.path_tokens, 1) <> $1
           group by folder
           order by folder ' || v_sort_order || '
     )
     (select folder as "name",
            null as id,
            null as updated_at,
            null as created_at,
            null as last_accessed_at,
            null as metadata from folders)
     union all
     (select path_tokens[$1] as "name",
            id,
            updated_at,
            created_at,
            last_accessed_at,
            metadata
     from storage.objects
     where objects.name ilike $2 || $3 || ''%''
       and bucket_id = $4
       and array_length(objects.path_tokens, 1) = $1
     order by ' || v_order_by || ')
     limit $5
     offset $6' using levels, prefix, search, bucketname, limits, offsets;
end;
$_$;


ALTER FUNCTION storage.search_legacy_v1(prefix text, bucketname text, limits integer, levels integer, offsets integer, search text, sortcolumn text, sortorder text) OWNER TO supabase_storage_admin;

--
-- Name: search_v2(text, text, integer, integer, text, text, text, text); Type: FUNCTION; Schema: storage; Owner: supabase_storage_admin
--

CREATE FUNCTION storage.search_v2(prefix text, bucket_name text, limits integer DEFAULT 100, levels integer DEFAULT 1, start_after text DEFAULT ''::text, sort_order text DEFAULT 'asc'::text, sort_column text DEFAULT 'name'::text, sort_column_after text DEFAULT ''::text) RETURNS TABLE(key text, name text, id uuid, updated_at timestamp with time zone, created_at timestamp with time zone, last_accessed_at timestamp with time zone, metadata jsonb)
    LANGUAGE plpgsql STABLE
    AS $$
DECLARE
    v_sort_col text;
    v_sort_ord text;
    v_limit int;
BEGIN
    -- Cap limit to maximum of 1500 records
    v_limit := LEAST(coalesce(limits, 100), 1500);

    -- Validate and normalize sort_order
    v_sort_ord := lower(coalesce(sort_order, 'asc'));
    IF v_sort_ord NOT IN ('asc', 'desc') THEN
        v_sort_ord := 'asc';
    END IF;

    -- Validate and normalize sort_column
    v_sort_col := lower(coalesce(sort_column, 'name'));
    IF v_sort_col NOT IN ('name', 'updated_at', 'created_at') THEN
        v_sort_col := 'name';
    END IF;

    -- Route to appropriate implementation
    IF v_sort_col = 'name' THEN
        -- Use list_objects_with_delimiter for name sorting (most efficient: O(k * log n))
        RETURN QUERY
        SELECT
            split_part(l.name, '/', levels) AS key,
            l.name AS name,
            l.id,
            l.updated_at,
            l.created_at,
            l.last_accessed_at,
            l.metadata
        FROM storage.list_objects_with_delimiter(
            bucket_name,
            coalesce(prefix, ''),
            '/',
            v_limit,
            start_after,
            '',
            v_sort_ord
        ) l;
    ELSE
        -- Use aggregation approach for timestamp sorting
        -- Not efficient for large datasets but supports correct pagination
        RETURN QUERY SELECT * FROM storage.search_by_timestamp(
            prefix, bucket_name, v_limit, levels, start_after,
            v_sort_ord, v_sort_col, sort_column_after
        );
    END IF;
END;
$$;


ALTER FUNCTION storage.search_v2(prefix text, bucket_name text, limits integer, levels integer, start_after text, sort_order text, sort_column text, sort_column_after text) OWNER TO supabase_storage_admin;

--
-- Name: update_updated_at_column(); Type: FUNCTION; Schema: storage; Owner: supabase_storage_admin
--

CREATE FUNCTION storage.update_updated_at_column() RETURNS trigger
    LANGUAGE plpgsql
    AS $$
BEGIN
    NEW.updated_at = now();
    RETURN NEW; 
END;
$$;


ALTER FUNCTION storage.update_updated_at_column() OWNER TO supabase_storage_admin;

SET default_tablespace = '';

SET default_table_access_method = heap;

--
-- Name: audit_log_entries; Type: TABLE; Schema: auth; Owner: supabase_auth_admin
--

CREATE TABLE auth.audit_log_entries (
    instance_id uuid,
    id uuid NOT NULL,
    payload json,
    created_at timestamp with time zone,
    ip_address character varying(64) DEFAULT ''::character varying NOT NULL
);


ALTER TABLE auth.audit_log_entries OWNER TO supabase_auth_admin;

--
-- Name: TABLE audit_log_entries; Type: COMMENT; Schema: auth; Owner: supabase_auth_admin
--

COMMENT ON TABLE auth.audit_log_entries IS 'Auth: Audit trail for user actions.';


--
-- Name: flow_state; Type: TABLE; Schema: auth; Owner: supabase_auth_admin
--

CREATE TABLE auth.flow_state (
    id uuid NOT NULL,
    user_id uuid,
    auth_code text,
    code_challenge_method auth.code_challenge_method,
    code_challenge text,
    provider_type text NOT NULL,
    provider_access_token text,
    provider_refresh_token text,
    created_at timestamp with time zone,
    updated_at timestamp with time zone,
    authentication_method text NOT NULL,
    auth_code_issued_at timestamp with time zone,
    invite_token text,
    referrer text,
    oauth_client_state_id uuid,
    linking_target_id uuid,
    email_optional boolean DEFAULT false NOT NULL
);


ALTER TABLE auth.flow_state OWNER TO supabase_auth_admin;

--
-- Name: TABLE flow_state; Type: COMMENT; Schema: auth; Owner: supabase_auth_admin
--

COMMENT ON TABLE auth.flow_state IS 'Stores metadata for all OAuth/SSO login flows';


--
-- Name: identities; Type: TABLE; Schema: auth; Owner: supabase_auth_admin
--

CREATE TABLE auth.identities (
    provider_id text NOT NULL,
    user_id uuid NOT NULL,
    identity_data jsonb NOT NULL,
    provider text NOT NULL,
    last_sign_in_at timestamp with time zone,
    created_at timestamp with time zone,
    updated_at timestamp with time zone,
    email text GENERATED ALWAYS AS (lower((identity_data ->> 'email'::text))) STORED,
    id uuid DEFAULT gen_random_uuid() NOT NULL
);


ALTER TABLE auth.identities OWNER TO supabase_auth_admin;

--
-- Name: TABLE identities; Type: COMMENT; Schema: auth; Owner: supabase_auth_admin
--

COMMENT ON TABLE auth.identities IS 'Auth: Stores identities associated to a user.';


--
-- Name: COLUMN identities.email; Type: COMMENT; Schema: auth; Owner: supabase_auth_admin
--

COMMENT ON COLUMN auth.identities.email IS 'Auth: Email is a generated column that references the optional email property in the identity_data';


--
-- Name: instances; Type: TABLE; Schema: auth; Owner: supabase_auth_admin
--

CREATE TABLE auth.instances (
    id uuid NOT NULL,
    uuid uuid,
    raw_base_config text,
    created_at timestamp with time zone,
    updated_at timestamp with time zone
);


ALTER TABLE auth.instances OWNER TO supabase_auth_admin;

--
-- Name: TABLE instances; Type: COMMENT; Schema: auth; Owner: supabase_auth_admin
--

COMMENT ON TABLE auth.instances IS 'Auth: Manages users across multiple sites.';


--
-- Name: mfa_amr_claims; Type: TABLE; Schema: auth; Owner: supabase_auth_admin
--

CREATE TABLE auth.mfa_amr_claims (
    session_id uuid NOT NULL,
    created_at timestamp with time zone NOT NULL,
    updated_at timestamp with time zone NOT NULL,
    authentication_method text NOT NULL,
    id uuid NOT NULL
);


ALTER TABLE auth.mfa_amr_claims OWNER TO supabase_auth_admin;

--
-- Name: TABLE mfa_amr_claims; Type: COMMENT; Schema: auth; Owner: supabase_auth_admin
--

COMMENT ON TABLE auth.mfa_amr_claims IS 'auth: stores authenticator method reference claims for multi factor authentication';


--
-- Name: mfa_challenges; Type: TABLE; Schema: auth; Owner: supabase_auth_admin
--

CREATE TABLE auth.mfa_challenges (
    id uuid NOT NULL,
    factor_id uuid NOT NULL,
    created_at timestamp with time zone NOT NULL,
    verified_at timestamp with time zone,
    ip_address inet NOT NULL,
    otp_code text,
    web_authn_session_data jsonb
);


ALTER TABLE auth.mfa_challenges OWNER TO supabase_auth_admin;

--
-- Name: TABLE mfa_challenges; Type: COMMENT; Schema: auth; Owner: supabase_auth_admin
--

COMMENT ON TABLE auth.mfa_challenges IS 'auth: stores metadata about challenge requests made';


--
-- Name: mfa_factors; Type: TABLE; Schema: auth; Owner: supabase_auth_admin
--

CREATE TABLE auth.mfa_factors (
    id uuid NOT NULL,
    user_id uuid NOT NULL,
    friendly_name text,
    factor_type auth.factor_type NOT NULL,
    status auth.factor_status NOT NULL,
    created_at timestamp with time zone NOT NULL,
    updated_at timestamp with time zone NOT NULL,
    secret text,
    phone text,
    last_challenged_at timestamp with time zone,
    web_authn_credential jsonb,
    web_authn_aaguid uuid,
    last_webauthn_challenge_data jsonb
);


ALTER TABLE auth.mfa_factors OWNER TO supabase_auth_admin;

--
-- Name: TABLE mfa_factors; Type: COMMENT; Schema: auth; Owner: supabase_auth_admin
--

COMMENT ON TABLE auth.mfa_factors IS 'auth: stores metadata about factors';


--
-- Name: COLUMN mfa_factors.last_webauthn_challenge_data; Type: COMMENT; Schema: auth; Owner: supabase_auth_admin
--

COMMENT ON COLUMN auth.mfa_factors.last_webauthn_challenge_data IS 'Stores the latest WebAuthn challenge data including attestation/assertion for customer verification';


--
-- Name: oauth_authorizations; Type: TABLE; Schema: auth; Owner: supabase_auth_admin
--

CREATE TABLE auth.oauth_authorizations (
    id uuid NOT NULL,
    authorization_id text NOT NULL,
    client_id uuid NOT NULL,
    user_id uuid,
    redirect_uri text NOT NULL,
    scope text NOT NULL,
    state text,
    resource text,
    code_challenge text,
    code_challenge_method auth.code_challenge_method,
    response_type auth.oauth_response_type DEFAULT 'code'::auth.oauth_response_type NOT NULL,
    status auth.oauth_authorization_status DEFAULT 'pending'::auth.oauth_authorization_status NOT NULL,
    authorization_code text,
    created_at timestamp with time zone DEFAULT now() NOT NULL,
    expires_at timestamp with time zone DEFAULT (now() + '00:03:00'::interval) NOT NULL,
    approved_at timestamp with time zone,
    nonce text,
    CONSTRAINT oauth_authorizations_authorization_code_length CHECK ((char_length(authorization_code) <= 255)),
    CONSTRAINT oauth_authorizations_code_challenge_length CHECK ((char_length(code_challenge) <= 128)),
    CONSTRAINT oauth_authorizations_expires_at_future CHECK ((expires_at > created_at)),
    CONSTRAINT oauth_authorizations_nonce_length CHECK ((char_length(nonce) <= 255)),
    CONSTRAINT oauth_authorizations_redirect_uri_length CHECK ((char_length(redirect_uri) <= 2048)),
    CONSTRAINT oauth_authorizations_resource_length CHECK ((char_length(resource) <= 2048)),
    CONSTRAINT oauth_authorizations_scope_length CHECK ((char_length(scope) <= 4096)),
    CONSTRAINT oauth_authorizations_state_length CHECK ((char_length(state) <= 4096))
);


ALTER TABLE auth.oauth_authorizations OWNER TO supabase_auth_admin;

--
-- Name: oauth_client_states; Type: TABLE; Schema: auth; Owner: supabase_auth_admin
--

CREATE TABLE auth.oauth_client_states (
    id uuid NOT NULL,
    provider_type text NOT NULL,
    code_verifier text,
    created_at timestamp with time zone NOT NULL
);


ALTER TABLE auth.oauth_client_states OWNER TO supabase_auth_admin;

--
-- Name: TABLE oauth_client_states; Type: COMMENT; Schema: auth; Owner: supabase_auth_admin
--

COMMENT ON TABLE auth.oauth_client_states IS 'Stores OAuth states for third-party provider authentication flows where Supabase acts as the OAuth client.';


--
-- Name: oauth_clients; Type: TABLE; Schema: auth; Owner: supabase_auth_admin
--

CREATE TABLE auth.oauth_clients (
    id uuid NOT NULL,
    client_secret_hash text,
    registration_type auth.oauth_registration_type NOT NULL,
    redirect_uris text NOT NULL,
    grant_types text NOT NULL,
    client_name text,
    client_uri text,
    logo_uri text,
    created_at timestamp with time zone DEFAULT now() NOT NULL,
    updated_at timestamp with time zone DEFAULT now() NOT NULL,
    deleted_at timestamp with time zone,
    client_type auth.oauth_client_type DEFAULT 'confidential'::auth.oauth_client_type NOT NULL,
    token_endpoint_auth_method text NOT NULL,
    CONSTRAINT oauth_clients_client_name_length CHECK ((char_length(client_name) <= 1024)),
    CONSTRAINT oauth_clients_client_uri_length CHECK ((char_length(client_uri) <= 2048)),
    CONSTRAINT oauth_clients_logo_uri_length CHECK ((char_length(logo_uri) <= 2048)),
    CONSTRAINT oauth_clients_token_endpoint_auth_method_check CHECK ((token_endpoint_auth_method = ANY (ARRAY['client_secret_basic'::text, 'client_secret_post'::text, 'none'::text])))
);


ALTER TABLE auth.oauth_clients OWNER TO supabase_auth_admin;

--
-- Name: oauth_consents; Type: TABLE; Schema: auth; Owner: supabase_auth_admin
--

CREATE TABLE auth.oauth_consents (
    id uuid NOT NULL,
    user_id uuid NOT NULL,
    client_id uuid NOT NULL,
    scopes text NOT NULL,
    granted_at timestamp with time zone DEFAULT now() NOT NULL,
    revoked_at timestamp with time zone,
    CONSTRAINT oauth_consents_revoked_after_granted CHECK (((revoked_at IS NULL) OR (revoked_at >= granted_at))),
    CONSTRAINT oauth_consents_scopes_length CHECK ((char_length(scopes) <= 2048)),
    CONSTRAINT oauth_consents_scopes_not_empty CHECK ((char_length(TRIM(BOTH FROM scopes)) > 0))
);


ALTER TABLE auth.oauth_consents OWNER TO supabase_auth_admin;

--
-- Name: one_time_tokens; Type: TABLE; Schema: auth; Owner: supabase_auth_admin
--

CREATE TABLE auth.one_time_tokens (
    id uuid NOT NULL,
    user_id uuid NOT NULL,
    token_type auth.one_time_token_type NOT NULL,
    token_hash text NOT NULL,
    relates_to text NOT NULL,
    created_at timestamp without time zone DEFAULT now() NOT NULL,
    updated_at timestamp without time zone DEFAULT now() NOT NULL,
    CONSTRAINT one_time_tokens_token_hash_check CHECK ((char_length(token_hash) > 0))
);


ALTER TABLE auth.one_time_tokens OWNER TO supabase_auth_admin;

--
-- Name: refresh_tokens; Type: TABLE; Schema: auth; Owner: supabase_auth_admin
--

CREATE TABLE auth.refresh_tokens (
    instance_id uuid,
    id bigint NOT NULL,
    token character varying(255),
    user_id character varying(255),
    revoked boolean,
    created_at timestamp with time zone,
    updated_at timestamp with time zone,
    parent character varying(255),
    session_id uuid
);


ALTER TABLE auth.refresh_tokens OWNER TO supabase_auth_admin;

--
-- Name: TABLE refresh_tokens; Type: COMMENT; Schema: auth; Owner: supabase_auth_admin
--

COMMENT ON TABLE auth.refresh_tokens IS 'Auth: Store of tokens used to refresh JWT tokens once they expire.';


--
-- Name: refresh_tokens_id_seq; Type: SEQUENCE; Schema: auth; Owner: supabase_auth_admin
--

CREATE SEQUENCE auth.refresh_tokens_id_seq
    START WITH 1
    INCREMENT BY 1
    NO MINVALUE
    NO MAXVALUE
    CACHE 1;


ALTER SEQUENCE auth.refresh_tokens_id_seq OWNER TO supabase_auth_admin;

--
-- Name: refresh_tokens_id_seq; Type: SEQUENCE OWNED BY; Schema: auth; Owner: supabase_auth_admin
--

ALTER SEQUENCE auth.refresh_tokens_id_seq OWNED BY auth.refresh_tokens.id;


--
-- Name: saml_providers; Type: TABLE; Schema: auth; Owner: supabase_auth_admin
--

CREATE TABLE auth.saml_providers (
    id uuid NOT NULL,
    sso_provider_id uuid NOT NULL,
    entity_id text NOT NULL,
    metadata_xml text NOT NULL,
    metadata_url text,
    attribute_mapping jsonb,
    created_at timestamp with time zone,
    updated_at timestamp with time zone,
    name_id_format text,
    CONSTRAINT "entity_id not empty" CHECK ((char_length(entity_id) > 0)),
    CONSTRAINT "metadata_url not empty" CHECK (((metadata_url = NULL::text) OR (char_length(metadata_url) > 0))),
    CONSTRAINT "metadata_xml not empty" CHECK ((char_length(metadata_xml) > 0))
);


ALTER TABLE auth.saml_providers OWNER TO supabase_auth_admin;

--
-- Name: TABLE saml_providers; Type: COMMENT; Schema: auth; Owner: supabase_auth_admin
--

COMMENT ON TABLE auth.saml_providers IS 'Auth: Manages SAML Identity Provider connections.';


--
-- Name: saml_relay_states; Type: TABLE; Schema: auth; Owner: supabase_auth_admin
--

CREATE TABLE auth.saml_relay_states (
    id uuid NOT NULL,
    sso_provider_id uuid NOT NULL,
    request_id text NOT NULL,
    for_email text,
    redirect_to text,
    created_at timestamp with time zone,
    updated_at timestamp with time zone,
    flow_state_id uuid,
    CONSTRAINT "request_id not empty" CHECK ((char_length(request_id) > 0))
);


ALTER TABLE auth.saml_relay_states OWNER TO supabase_auth_admin;

--
-- Name: TABLE saml_relay_states; Type: COMMENT; Schema: auth; Owner: supabase_auth_admin
--

COMMENT ON TABLE auth.saml_relay_states IS 'Auth: Contains SAML Relay State information for each Service Provider initiated login.';


--
-- Name: schema_migrations; Type: TABLE; Schema: auth; Owner: supabase_auth_admin
--

CREATE TABLE auth.schema_migrations (
    version character varying(255) NOT NULL
);


ALTER TABLE auth.schema_migrations OWNER TO supabase_auth_admin;

--
-- Name: TABLE schema_migrations; Type: COMMENT; Schema: auth; Owner: supabase_auth_admin
--

COMMENT ON TABLE auth.schema_migrations IS 'Auth: Manages updates to the auth system.';


--
-- Name: sessions; Type: TABLE; Schema: auth; Owner: supabase_auth_admin
--

CREATE TABLE auth.sessions (
    id uuid NOT NULL,
    user_id uuid NOT NULL,
    created_at timestamp with time zone,
    updated_at timestamp with time zone,
    factor_id uuid,
    aal auth.aal_level,
    not_after timestamp with time zone,
    refreshed_at timestamp without time zone,
    user_agent text,
    ip inet,
    tag text,
    oauth_client_id uuid,
    refresh_token_hmac_key text,
    refresh_token_counter bigint,
    scopes text,
    CONSTRAINT sessions_scopes_length CHECK ((char_length(scopes) <= 4096))
);


ALTER TABLE auth.sessions OWNER TO supabase_auth_admin;

--
-- Name: TABLE sessions; Type: COMMENT; Schema: auth; Owner: supabase_auth_admin
--

COMMENT ON TABLE auth.sessions IS 'Auth: Stores session data associated to a user.';


--
-- Name: COLUMN sessions.not_after; Type: COMMENT; Schema: auth; Owner: supabase_auth_admin
--

COMMENT ON COLUMN auth.sessions.not_after IS 'Auth: Not after is a nullable column that contains a timestamp after which the session should be regarded as expired.';


--
-- Name: COLUMN sessions.refresh_token_hmac_key; Type: COMMENT; Schema: auth; Owner: supabase_auth_admin
--

COMMENT ON COLUMN auth.sessions.refresh_token_hmac_key IS 'Holds a HMAC-SHA256 key used to sign refresh tokens for this session.';


--
-- Name: COLUMN sessions.refresh_token_counter; Type: COMMENT; Schema: auth; Owner: supabase_auth_admin
--

COMMENT ON COLUMN auth.sessions.refresh_token_counter IS 'Holds the ID (counter) of the last issued refresh token.';


--
-- Name: sso_domains; Type: TABLE; Schema: auth; Owner: supabase_auth_admin
--

CREATE TABLE auth.sso_domains (
    id uuid NOT NULL,
    sso_provider_id uuid NOT NULL,
    domain text NOT NULL,
    created_at timestamp with time zone,
    updated_at timestamp with time zone,
    CONSTRAINT "domain not empty" CHECK ((char_length(domain) > 0))
);


ALTER TABLE auth.sso_domains OWNER TO supabase_auth_admin;

--
-- Name: TABLE sso_domains; Type: COMMENT; Schema: auth; Owner: supabase_auth_admin
--

COMMENT ON TABLE auth.sso_domains IS 'Auth: Manages SSO email address domain mapping to an SSO Identity Provider.';


--
-- Name: sso_providers; Type: TABLE; Schema: auth; Owner: supabase_auth_admin
--

CREATE TABLE auth.sso_providers (
    id uuid NOT NULL,
    resource_id text,
    created_at timestamp with time zone,
    updated_at timestamp with time zone,
    disabled boolean,
    CONSTRAINT "resource_id not empty" CHECK (((resource_id = NULL::text) OR (char_length(resource_id) > 0)))
);


ALTER TABLE auth.sso_providers OWNER TO supabase_auth_admin;

--
-- Name: TABLE sso_providers; Type: COMMENT; Schema: auth; Owner: supabase_auth_admin
--

COMMENT ON TABLE auth.sso_providers IS 'Auth: Manages SSO identity provider information; see saml_providers for SAML.';


--
-- Name: COLUMN sso_providers.resource_id; Type: COMMENT; Schema: auth; Owner: supabase_auth_admin
--

COMMENT ON COLUMN auth.sso_providers.resource_id IS 'Auth: Uniquely identifies a SSO provider according to a user-chosen resource ID (case insensitive), useful in infrastructure as code.';


--
-- Name: users; Type: TABLE; Schema: auth; Owner: supabase_auth_admin
--

CREATE TABLE auth.users (
    instance_id uuid,
    id uuid NOT NULL,
    aud character varying(255),
    role character varying(255),
    email character varying(255),
    encrypted_password character varying(255),
    email_confirmed_at timestamp with time zone,
    invited_at timestamp with time zone,
    confirmation_token character varying(255),
    confirmation_sent_at timestamp with time zone,
    recovery_token character varying(255),
    recovery_sent_at timestamp with time zone,
    email_change_token_new character varying(255),
    email_change character varying(255),
    email_change_sent_at timestamp with time zone,
    last_sign_in_at timestamp with time zone,
    raw_app_meta_data jsonb,
    raw_user_meta_data jsonb,
    is_super_admin boolean,
    created_at timestamp with time zone,
    updated_at timestamp with time zone,
    phone text DEFAULT NULL::character varying,
    phone_confirmed_at timestamp with time zone,
    phone_change text DEFAULT ''::character varying,
    phone_change_token character varying(255) DEFAULT ''::character varying,
    phone_change_sent_at timestamp with time zone,
    confirmed_at timestamp with time zone GENERATED ALWAYS AS (LEAST(email_confirmed_at, phone_confirmed_at)) STORED,
    email_change_token_current character varying(255) DEFAULT ''::character varying,
    email_change_confirm_status smallint DEFAULT 0,
    banned_until timestamp with time zone,
    reauthentication_token character varying(255) DEFAULT ''::character varying,
    reauthentication_sent_at timestamp with time zone,
    is_sso_user boolean DEFAULT false NOT NULL,
    deleted_at timestamp with time zone,
    is_anonymous boolean DEFAULT false NOT NULL,
    CONSTRAINT users_email_change_confirm_status_check CHECK (((email_change_confirm_status >= 0) AND (email_change_confirm_status <= 2)))
);


ALTER TABLE auth.users OWNER TO supabase_auth_admin;

--
-- Name: TABLE users; Type: COMMENT; Schema: auth; Owner: supabase_auth_admin
--

COMMENT ON TABLE auth.users IS 'Auth: Stores user login data within a secure schema.';


--
-- Name: COLUMN users.is_sso_user; Type: COMMENT; Schema: auth; Owner: supabase_auth_admin
--

COMMENT ON COLUMN auth.users.is_sso_user IS 'Auth: Set this column to true when the account comes from SSO. These accounts can have duplicate emails.';


--
-- Name: matches; Type: TABLE; Schema: public; Owner: postgres
--

CREATE TABLE public.matches (
    id integer NOT NULL,
    home_team uuid,
    away_team uuid,
    home_score integer,
    away_score integer,
    week integer,
    is_played boolean DEFAULT false,
    created_at timestamp with time zone DEFAULT now(),
    season integer DEFAULT 1,
    division integer DEFAULT 1
);


ALTER TABLE public.matches OWNER TO postgres;

--
-- Name: profiles; Type: TABLE; Schema: public; Owner: postgres
--

CREATE TABLE public.profiles (
    id uuid NOT NULL,
    nick text,
    email text,
    avatar_url text,
    is_confirmed boolean DEFAULT false,
    created_at timestamp with time zone DEFAULT now(),
    telegram_user text,
    phone text,
    is_admin boolean DEFAULT false
);


ALTER TABLE public.profiles OWNER TO postgres;

--
-- Name: clasificacion; Type: VIEW; Schema: public; Owner: postgres
--

CREATE VIEW public.clasificacion WITH (security_invoker='true') AS
 SELECT p.nick,
    p.avatar_url,
    m.season,
    m.division,
    count(m.id) FILTER (WHERE (m.is_played = true)) AS pj,
    sum(
        CASE
            WHEN ((m.is_played = true) AND (m.home_team = p.id) AND (m.home_score > m.away_score)) THEN 3
            WHEN ((m.is_played = true) AND (m.away_team = p.id) AND (m.away_score > m.home_score)) THEN 3
            WHEN ((m.is_played = true) AND (m.home_score = m.away_score)) THEN 1
            ELSE 0
        END) AS pts,
    sum(COALESCE(
        CASE
            WHEN (m.home_team = p.id) THEN m.home_score
            ELSE m.away_score
        END, 0)) AS gf,
    sum(COALESCE(
        CASE
            WHEN (m.home_team = p.id) THEN m.away_score
            ELSE m.home_score
        END, 0)) AS gc
   FROM (public.profiles p
     JOIN public.matches m ON (((p.id = m.home_team) OR (p.id = m.away_team))))
  GROUP BY p.nick, p.avatar_url, m.season, m.division;


ALTER VIEW public.clasificacion OWNER TO postgres;

--
-- Name: config; Type: TABLE; Schema: public; Owner: postgres
--

CREATE TABLE public.config (
    id integer NOT NULL,
    current_week integer DEFAULT 1,
    current_season integer DEFAULT 1
);


ALTER TABLE public.config OWNER TO postgres;

--
-- Name: config_id_seq; Type: SEQUENCE; Schema: public; Owner: postgres
--

ALTER TABLE public.config ALTER COLUMN id ADD GENERATED BY DEFAULT AS IDENTITY (
    SEQUENCE NAME public.config_id_seq
    START WITH 1
    INCREMENT BY 1
    NO MINVALUE
    NO MAXVALUE
    CACHE 1
);


--
-- Name: matches_id_seq; Type: SEQUENCE; Schema: public; Owner: postgres
--

ALTER TABLE public.matches ALTER COLUMN id ADD GENERATED BY DEFAULT AS IDENTITY (
    SEQUENCE NAME public.matches_id_seq
    START WITH 1
    INCREMENT BY 1
    NO MINVALUE
    NO MAXVALUE
    CACHE 1
);


--
-- Name: partidos_detallados; Type: VIEW; Schema: public; Owner: postgres
--

CREATE VIEW public.partidos_detallados WITH (security_invoker='on') AS
 SELECT m.id,
    m.home_team,
    m.away_team,
    m.home_score,
    m.away_score,
    m.week,
    m.is_played,
    m.created_at,
    m.season,
    m.division,
    p_local.nick AS local_nick,
    p_local.avatar_url AS local_avatar,
    p_vis.nick AS visitante_nick,
    p_vis.avatar_url AS visitante_avatar
   FROM ((public.matches m
     LEFT JOIN public.profiles p_local ON ((m.home_team = p_local.id)))
     LEFT JOIN public.profiles p_vis ON ((m.away_team = p_vis.id)));


ALTER VIEW public.partidos_detallados OWNER TO postgres;

--
-- Name: playoff_matches; Type: TABLE; Schema: public; Owner: postgres
--

CREATE TABLE public.playoff_matches (
    id uuid DEFAULT gen_random_uuid() NOT NULL,
    playoff_id uuid,
    round text NOT NULL,
    match_order integer,
    home_team uuid,
    away_team uuid,
    home_score integer,
    away_score integer,
    winner_id uuid,
    next_match_id uuid,
    played boolean DEFAULT false,
    start_date timestamp with time zone,
    end_date timestamp with time zone
);


ALTER TABLE public.playoff_matches OWNER TO postgres;

--
-- Name: playoff_matches_detallados; Type: VIEW; Schema: public; Owner: postgres
--

CREATE VIEW public.playoff_matches_detallados AS
 SELECT pm.id,
    pm.playoff_id,
    pm.round,
    pm.match_order,
    pm.home_team AS local_id,
    pm.away_team AS visitante_id,
    pm.home_score,
    pm.away_score,
    pm.played AS is_played,
    pm.start_date,
    pm.end_date,
    p1.nick AS local_nick,
    p1.avatar_url AS local_avatar,
    p2.nick AS visitante_nick,
    p2.avatar_url AS visitante_avatar
   FROM ((public.playoff_matches pm
     LEFT JOIN public.profiles p1 ON ((pm.home_team = p1.id)))
     LEFT JOIN public.profiles p2 ON ((pm.away_team = p2.id)));


ALTER VIEW public.playoff_matches_detallados OWNER TO postgres;

--
-- Name: playoffs; Type: TABLE; Schema: public; Owner: postgres
--

CREATE TABLE public.playoffs (
    id uuid DEFAULT gen_random_uuid() NOT NULL,
    created_at timestamp with time zone DEFAULT timezone('utc'::text, now()) NOT NULL,
    name text NOT NULL,
    season integer NOT NULL,
    is_active boolean DEFAULT true,
    settings jsonb DEFAULT '{"Final": false, "Cuartos": false, "Octavos": false, "Semifinales": false, "Dieciseisavos": false}'::jsonb,
    current_round text DEFAULT 'No iniciado'::text
);


ALTER TABLE public.playoffs OWNER TO postgres;

--
-- Name: weeks_schedule; Type: TABLE; Schema: public; Owner: postgres
--

CREATE TABLE public.weeks_schedule (
    id integer NOT NULL,
    season integer NOT NULL,
    week integer NOT NULL,
    start_at timestamp with time zone NOT NULL,
    end_at timestamp with time zone NOT NULL,
    is_linked boolean DEFAULT false
);


ALTER TABLE public.weeks_schedule OWNER TO postgres;

--
-- Name: weeks_schedule_id_seq; Type: SEQUENCE; Schema: public; Owner: postgres
--

ALTER TABLE public.weeks_schedule ALTER COLUMN id ADD GENERATED BY DEFAULT AS IDENTITY (
    SEQUENCE NAME public.weeks_schedule_id_seq
    START WITH 1
    INCREMENT BY 1
    NO MINVALUE
    NO MAXVALUE
    CACHE 1
);


--
-- Name: messages; Type: TABLE; Schema: realtime; Owner: supabase_realtime_admin
--

CREATE TABLE realtime.messages (
    topic text NOT NULL,
    extension text NOT NULL,
    payload jsonb,
    event text,
    private boolean DEFAULT false,
    updated_at timestamp without time zone DEFAULT now() NOT NULL,
    inserted_at timestamp without time zone DEFAULT now() NOT NULL,
    id uuid DEFAULT gen_random_uuid() NOT NULL
)
PARTITION BY RANGE (inserted_at);


ALTER TABLE realtime.messages OWNER TO supabase_realtime_admin;

--
-- Name: schema_migrations; Type: TABLE; Schema: realtime; Owner: supabase_admin
--

CREATE TABLE realtime.schema_migrations (
    version bigint NOT NULL,
    inserted_at timestamp(0) without time zone
);


ALTER TABLE realtime.schema_migrations OWNER TO supabase_admin;

--
-- Name: subscription; Type: TABLE; Schema: realtime; Owner: supabase_admin
--

CREATE TABLE realtime.subscription (
    id bigint NOT NULL,
    subscription_id uuid NOT NULL,
    entity regclass NOT NULL,
    filters realtime.user_defined_filter[] DEFAULT '{}'::realtime.user_defined_filter[] NOT NULL,
    claims jsonb NOT NULL,
    claims_role regrole GENERATED ALWAYS AS (realtime.to_regrole((claims ->> 'role'::text))) STORED NOT NULL,
    created_at timestamp without time zone DEFAULT timezone('utc'::text, now()) NOT NULL,
    action_filter text DEFAULT '*'::text,
    CONSTRAINT subscription_action_filter_check CHECK ((action_filter = ANY (ARRAY['*'::text, 'INSERT'::text, 'UPDATE'::text, 'DELETE'::text])))
);


ALTER TABLE realtime.subscription OWNER TO supabase_admin;

--
-- Name: subscription_id_seq; Type: SEQUENCE; Schema: realtime; Owner: supabase_admin
--

ALTER TABLE realtime.subscription ALTER COLUMN id ADD GENERATED ALWAYS AS IDENTITY (
    SEQUENCE NAME realtime.subscription_id_seq
    START WITH 1
    INCREMENT BY 1
    NO MINVALUE
    NO MAXVALUE
    CACHE 1
);


--
-- Name: buckets; Type: TABLE; Schema: storage; Owner: supabase_storage_admin
--

CREATE TABLE storage.buckets (
    id text NOT NULL,
    name text NOT NULL,
    owner uuid,
    created_at timestamp with time zone DEFAULT now(),
    updated_at timestamp with time zone DEFAULT now(),
    public boolean DEFAULT false,
    avif_autodetection boolean DEFAULT false,
    file_size_limit bigint,
    allowed_mime_types text[],
    owner_id text,
    type storage.buckettype DEFAULT 'STANDARD'::storage.buckettype NOT NULL
);


ALTER TABLE storage.buckets OWNER TO supabase_storage_admin;

--
-- Name: COLUMN buckets.owner; Type: COMMENT; Schema: storage; Owner: supabase_storage_admin
--

COMMENT ON COLUMN storage.buckets.owner IS 'Field is deprecated, use owner_id instead';


--
-- Name: buckets_analytics; Type: TABLE; Schema: storage; Owner: supabase_storage_admin
--

CREATE TABLE storage.buckets_analytics (
    name text NOT NULL,
    type storage.buckettype DEFAULT 'ANALYTICS'::storage.buckettype NOT NULL,
    format text DEFAULT 'ICEBERG'::text NOT NULL,
    created_at timestamp with time zone DEFAULT now() NOT NULL,
    updated_at timestamp with time zone DEFAULT now() NOT NULL,
    id uuid DEFAULT gen_random_uuid() NOT NULL,
    deleted_at timestamp with time zone
);


ALTER TABLE storage.buckets_analytics OWNER TO supabase_storage_admin;

--
-- Name: buckets_vectors; Type: TABLE; Schema: storage; Owner: supabase_storage_admin
--

CREATE TABLE storage.buckets_vectors (
    id text NOT NULL,
    type storage.buckettype DEFAULT 'VECTOR'::storage.buckettype NOT NULL,
    created_at timestamp with time zone DEFAULT now() NOT NULL,
    updated_at timestamp with time zone DEFAULT now() NOT NULL
);


ALTER TABLE storage.buckets_vectors OWNER TO supabase_storage_admin;

--
-- Name: migrations; Type: TABLE; Schema: storage; Owner: supabase_storage_admin
--

CREATE TABLE storage.migrations (
    id integer NOT NULL,
    name character varying(100) NOT NULL,
    hash character varying(40) NOT NULL,
    executed_at timestamp without time zone DEFAULT CURRENT_TIMESTAMP
);


ALTER TABLE storage.migrations OWNER TO supabase_storage_admin;

--
-- Name: objects; Type: TABLE; Schema: storage; Owner: supabase_storage_admin
--

CREATE TABLE storage.objects (
    id uuid DEFAULT gen_random_uuid() NOT NULL,
    bucket_id text,
    name text,
    owner uuid,
    created_at timestamp with time zone DEFAULT now(),
    updated_at timestamp with time zone DEFAULT now(),
    last_accessed_at timestamp with time zone DEFAULT now(),
    metadata jsonb,
    path_tokens text[] GENERATED ALWAYS AS (string_to_array(name, '/'::text)) STORED,
    version text,
    owner_id text,
    user_metadata jsonb
);


ALTER TABLE storage.objects OWNER TO supabase_storage_admin;

--
-- Name: COLUMN objects.owner; Type: COMMENT; Schema: storage; Owner: supabase_storage_admin
--

COMMENT ON COLUMN storage.objects.owner IS 'Field is deprecated, use owner_id instead';


--
-- Name: s3_multipart_uploads; Type: TABLE; Schema: storage; Owner: supabase_storage_admin
--

CREATE TABLE storage.s3_multipart_uploads (
    id text NOT NULL,
    in_progress_size bigint DEFAULT 0 NOT NULL,
    upload_signature text NOT NULL,
    bucket_id text NOT NULL,
    key text NOT NULL COLLATE pg_catalog."C",
    version text NOT NULL,
    owner_id text,
    created_at timestamp with time zone DEFAULT now() NOT NULL,
    user_metadata jsonb
);


ALTER TABLE storage.s3_multipart_uploads OWNER TO supabase_storage_admin;

--
-- Name: s3_multipart_uploads_parts; Type: TABLE; Schema: storage; Owner: supabase_storage_admin
--

CREATE TABLE storage.s3_multipart_uploads_parts (
    id uuid DEFAULT gen_random_uuid() NOT NULL,
    upload_id text NOT NULL,
    size bigint DEFAULT 0 NOT NULL,
    part_number integer NOT NULL,
    bucket_id text NOT NULL,
    key text NOT NULL COLLATE pg_catalog."C",
    etag text NOT NULL,
    owner_id text,
    version text NOT NULL,
    created_at timestamp with time zone DEFAULT now() NOT NULL
);


ALTER TABLE storage.s3_multipart_uploads_parts OWNER TO supabase_storage_admin;

--
-- Name: vector_indexes; Type: TABLE; Schema: storage; Owner: supabase_storage_admin
--

CREATE TABLE storage.vector_indexes (
    id text DEFAULT gen_random_uuid() NOT NULL,
    name text NOT NULL COLLATE pg_catalog."C",
    bucket_id text NOT NULL,
    data_type text NOT NULL,
    dimension integer NOT NULL,
    distance_metric text NOT NULL,
    metadata_configuration jsonb,
    created_at timestamp with time zone DEFAULT now() NOT NULL,
    updated_at timestamp with time zone DEFAULT now() NOT NULL
);


ALTER TABLE storage.vector_indexes OWNER TO supabase_storage_admin;

--
-- Name: refresh_tokens id; Type: DEFAULT; Schema: auth; Owner: supabase_auth_admin
--

ALTER TABLE ONLY auth.refresh_tokens ALTER COLUMN id SET DEFAULT nextval('auth.refresh_tokens_id_seq'::regclass);


--
-- Data for Name: audit_log_entries; Type: TABLE DATA; Schema: auth; Owner: supabase_auth_admin
--

COPY auth.audit_log_entries (instance_id, id, payload, created_at, ip_address) FROM stdin;
\.


--
-- Data for Name: flow_state; Type: TABLE DATA; Schema: auth; Owner: supabase_auth_admin
--

COPY auth.flow_state (id, user_id, auth_code, code_challenge_method, code_challenge, provider_type, provider_access_token, provider_refresh_token, created_at, updated_at, authentication_method, auth_code_issued_at, invite_token, referrer, oauth_client_state_id, linking_target_id, email_optional) FROM stdin;
\.


--
-- Data for Name: identities; Type: TABLE DATA; Schema: auth; Owner: supabase_auth_admin
--

COPY auth.identities (provider_id, user_id, identity_data, provider, last_sign_in_at, created_at, updated_at, id) FROM stdin;
3c68098c-1259-465a-b073-6626f755878f	3c68098c-1259-465a-b073-6626f755878f	{"sub": "3c68098c-1259-465a-b073-6626f755878f", "nick": "horto", "email": "jhortolano@gmail.com", "email_verified": false, "phone_verified": false}	email	2026-02-10 11:58:46.615021+00	2026-02-10 11:58:46.615078+00	2026-02-10 11:58:46.615078+00	23e23ce1-e6df-47e1-9147-4617bf0f60d7
13d9a5fc-0160-4643-9a0f-915ab813ac83	13d9a5fc-0160-4643-9a0f-915ab813ac83	{"sub": "13d9a5fc-0160-4643-9a0f-915ab813ac83", "nick": "test1", "email": "test1@test.com", "email_verified": false, "phone_verified": false}	email	2026-02-10 11:59:09.757265+00	2026-02-10 11:59:09.757313+00	2026-02-10 11:59:09.757313+00	60c23668-c2a4-47d6-a488-51e34742265b
ba0e8c02-3af4-4e96-a94d-9ad6c021cc6d	ba0e8c02-3af4-4e96-a94d-9ad6c021cc6d	{"sub": "ba0e8c02-3af4-4e96-a94d-9ad6c021cc6d", "nick": "test2", "email": "test2@test.com", "email_verified": false, "phone_verified": false}	email	2026-02-10 11:59:22.28489+00	2026-02-10 11:59:22.284944+00	2026-02-10 11:59:22.284944+00	e2846b72-31c9-4264-8d01-7805d85dc263
e5500dc2-90db-4a88-88af-482645d185be	e5500dc2-90db-4a88-88af-482645d185be	{"sub": "e5500dc2-90db-4a88-88af-482645d185be", "nick": "test3", "email": "test3@test.com", "email_verified": false, "phone_verified": false}	email	2026-02-10 11:59:36.832581+00	2026-02-10 11:59:36.832636+00	2026-02-10 11:59:36.832636+00	f020ed8b-b1d8-4686-a337-549719fc3256
22afa7c4-8a0e-433c-aa5e-8f7d2722c8cb	22afa7c4-8a0e-433c-aa5e-8f7d2722c8cb	{"sub": "22afa7c4-8a0e-433c-aa5e-8f7d2722c8cb", "nick": "test4", "email": "test4@test.com", "email_verified": false, "phone_verified": false}	email	2026-02-10 12:10:22.861012+00	2026-02-10 12:10:22.861059+00	2026-02-10 12:10:22.861059+00	53615a03-6b12-4c1f-8d44-ed4849474bd6
fd25b712-7f86-4f89-bd86-1d8598a6ec1f	fd25b712-7f86-4f89-bd86-1d8598a6ec1f	{"sub": "fd25b712-7f86-4f89-bd86-1d8598a6ec1f", "nick": "test5", "email": "test5@test.com", "email_verified": false, "phone_verified": false}	email	2026-02-10 12:10:46.996042+00	2026-02-10 12:10:46.996085+00	2026-02-10 12:10:46.996085+00	876e1577-dfa3-4a66-8497-aeadd993d916
dbfb93bc-f483-4466-893b-81dd55986472	dbfb93bc-f483-4466-893b-81dd55986472	{"sub": "dbfb93bc-f483-4466-893b-81dd55986472", "nick": "test6", "email": "test6@test.com", "email_verified": false, "phone_verified": false}	email	2026-02-10 12:11:04.841256+00	2026-02-10 12:11:04.841302+00	2026-02-10 12:11:04.841302+00	dfe8c87a-65cc-428e-9061-b5aefef6c871
fe5395cc-dd9f-4e81-a0cf-4aa03ddf351e	fe5395cc-dd9f-4e81-a0cf-4aa03ddf351e	{"sub": "fe5395cc-dd9f-4e81-a0cf-4aa03ddf351e", "nick": "test7", "email": "test7@test.com", "email_verified": false, "phone_verified": false}	email	2026-02-10 12:11:24.294617+00	2026-02-10 12:11:24.294661+00	2026-02-10 12:11:24.294661+00	fbffa4ea-b9ca-4465-b6e5-fa7812ca6c07
96bbeaee-35b6-4fc2-ac4a-35aa20c0fca0	96bbeaee-35b6-4fc2-ac4a-35aa20c0fca0	{"sub": "96bbeaee-35b6-4fc2-ac4a-35aa20c0fca0", "nick": "test8", "email": "test8@test.com", "email_verified": false, "phone_verified": false}	email	2026-02-10 12:11:50.906025+00	2026-02-10 12:11:50.906083+00	2026-02-10 12:11:50.906083+00	87734da7-35e9-4d88-81e5-738e6390d351
99776c38-c92c-4133-bd2d-acfb06e76d26	99776c38-c92c-4133-bd2d-acfb06e76d26	{"sub": "99776c38-c92c-4133-bd2d-acfb06e76d26", "nick": "test9", "email": "test9@test.com", "email_verified": false, "phone_verified": false}	email	2026-02-10 12:12:18.680733+00	2026-02-10 12:12:18.680776+00	2026-02-10 12:12:18.680776+00	ed9fb611-1cb7-4eb0-92cd-1931ef36fd98
c3047c54-a5b6-4308-902b-00acb9780ee9	c3047c54-a5b6-4308-902b-00acb9780ee9	{"sub": "c3047c54-a5b6-4308-902b-00acb9780ee9", "nick": "test10", "email": "test10@test.com", "email_verified": false, "phone_verified": false}	email	2026-02-10 12:12:41.154486+00	2026-02-10 12:12:41.154547+00	2026-02-10 12:12:41.154547+00	dd549420-4b96-4893-a190-98ee09391dfd
c9604bcf-9dd7-445a-9036-92e3013141e5	c9604bcf-9dd7-445a-9036-92e3013141e5	{"sub": "c9604bcf-9dd7-445a-9036-92e3013141e5", "nick": "test11", "email": "test11@test.com", "email_verified": false, "phone_verified": false}	email	2026-02-10 12:12:56.792369+00	2026-02-10 12:12:56.792423+00	2026-02-10 12:12:56.792423+00	8e0d24a1-2062-4fbb-9b46-0d22b21aa25f
817f334f-f30e-414b-ba4a-d1021a789631	817f334f-f30e-414b-ba4a-d1021a789631	{"sub": "817f334f-f30e-414b-ba4a-d1021a789631", "nick": "test13", "email": "test13@test.com", "email_verified": false, "phone_verified": false}	email	2026-02-10 13:55:12.362965+00	2026-02-10 13:55:12.364137+00	2026-02-10 13:55:12.364137+00	4b69c0da-04fa-43a5-aea5-493c6a5fa233
99894767-0097-40f8-9fca-14f4b3cf71a9	99894767-0097-40f8-9fca-14f4b3cf71a9	{"sub": "99894767-0097-40f8-9fca-14f4b3cf71a9", "nick": "test14", "email": "test14@gmail.com", "email_verified": false, "phone_verified": false}	email	2026-02-10 14:00:25.728346+00	2026-02-10 14:00:25.728405+00	2026-02-10 14:00:25.728405+00	a644a91a-4c9c-4665-b291-4fb353ee633a
7924ec05-9234-4b4c-b603-684b6a1b9281	7924ec05-9234-4b4c-b603-684b6a1b9281	{"sub": "7924ec05-9234-4b4c-b603-684b6a1b9281", "nick": "test15", "email": "jhortolano+1@gmail.com", "email_verified": false, "phone_verified": false}	email	2026-02-10 14:06:45.144373+00	2026-02-10 14:06:45.144423+00	2026-02-10 14:06:45.144423+00	2f4efe8c-c80d-449e-b234-0ef933491f7c
5a8e4ebe-a3d5-4217-a0e9-415048f13e54	5a8e4ebe-a3d5-4217-a0e9-415048f13e54	{"sub": "5a8e4ebe-a3d5-4217-a0e9-415048f13e54", "nick": "test16", "email": "jhortolano+2@gmail.com", "email_verified": true, "phone_verified": false}	email	2026-02-10 14:08:40.269768+00	2026-02-10 14:08:40.269819+00	2026-02-10 14:08:40.269819+00	20dc9db8-ba25-4f1b-9903-0ce418cb201a
dc14edbc-12ab-4598-aee0-ebe96aae05ae	dc14edbc-12ab-4598-aee0-ebe96aae05ae	{"sub": "dc14edbc-12ab-4598-aee0-ebe96aae05ae", "nick": "test16", "email": "jhortolano+3@gmail.com", "email_verified": true, "phone_verified": false}	email	2026-02-10 14:09:29.343327+00	2026-02-10 14:09:29.343369+00	2026-02-10 14:09:29.343369+00	e4198c5a-9ab1-4ce4-898e-210102f283be
f2b09d4c-5681-4253-90cf-8f495beeeaf6	f2b09d4c-5681-4253-90cf-8f495beeeaf6	{"sub": "f2b09d4c-5681-4253-90cf-8f495beeeaf6", "nick": "test18", "email": "jhortolano+4@gmail.com", "email_verified": true, "phone_verified": false}	email	2026-02-10 14:36:10.054762+00	2026-02-10 14:36:10.054811+00	2026-02-10 14:36:10.054811+00	ca92cc07-0f4f-4554-8f6d-c99999126d07
\.


--
-- Data for Name: instances; Type: TABLE DATA; Schema: auth; Owner: supabase_auth_admin
--

COPY auth.instances (id, uuid, raw_base_config, created_at, updated_at) FROM stdin;
\.


--
-- Data for Name: mfa_amr_claims; Type: TABLE DATA; Schema: auth; Owner: supabase_auth_admin
--

COPY auth.mfa_amr_claims (session_id, created_at, updated_at, authentication_method, id) FROM stdin;
81631e7b-923f-4ea9-b926-77926381e3b8	2026-02-11 15:18:20.835311+00	2026-02-11 15:18:20.835311+00	password	f6e9fdaa-f706-4f0e-aaa3-c27e187f5365
52ee391c-3f1d-4fca-9a6f-de4ec87e9666	2026-02-11 17:47:18.805046+00	2026-02-11 17:47:18.805046+00	password	5d8f267c-0c12-4d93-8b51-c73c56d72cc8
\.


--
-- Data for Name: mfa_challenges; Type: TABLE DATA; Schema: auth; Owner: supabase_auth_admin
--

COPY auth.mfa_challenges (id, factor_id, created_at, verified_at, ip_address, otp_code, web_authn_session_data) FROM stdin;
\.


--
-- Data for Name: mfa_factors; Type: TABLE DATA; Schema: auth; Owner: supabase_auth_admin
--

COPY auth.mfa_factors (id, user_id, friendly_name, factor_type, status, created_at, updated_at, secret, phone, last_challenged_at, web_authn_credential, web_authn_aaguid, last_webauthn_challenge_data) FROM stdin;
\.


--
-- Data for Name: oauth_authorizations; Type: TABLE DATA; Schema: auth; Owner: supabase_auth_admin
--

COPY auth.oauth_authorizations (id, authorization_id, client_id, user_id, redirect_uri, scope, state, resource, code_challenge, code_challenge_method, response_type, status, authorization_code, created_at, expires_at, approved_at, nonce) FROM stdin;
\.


--
-- Data for Name: oauth_client_states; Type: TABLE DATA; Schema: auth; Owner: supabase_auth_admin
--

COPY auth.oauth_client_states (id, provider_type, code_verifier, created_at) FROM stdin;
\.


--
-- Data for Name: oauth_clients; Type: TABLE DATA; Schema: auth; Owner: supabase_auth_admin
--

COPY auth.oauth_clients (id, client_secret_hash, registration_type, redirect_uris, grant_types, client_name, client_uri, logo_uri, created_at, updated_at, deleted_at, client_type, token_endpoint_auth_method) FROM stdin;
\.


--
-- Data for Name: oauth_consents; Type: TABLE DATA; Schema: auth; Owner: supabase_auth_admin
--

COPY auth.oauth_consents (id, user_id, client_id, scopes, granted_at, revoked_at) FROM stdin;
\.


--
-- Data for Name: one_time_tokens; Type: TABLE DATA; Schema: auth; Owner: supabase_auth_admin
--

COPY auth.one_time_tokens (id, user_id, token_type, token_hash, relates_to, created_at, updated_at) FROM stdin;
\.


--
-- Data for Name: refresh_tokens; Type: TABLE DATA; Schema: auth; Owner: supabase_auth_admin
--

COPY auth.refresh_tokens (instance_id, id, token, user_id, revoked, created_at, updated_at, parent, session_id) FROM stdin;
00000000-0000-0000-0000-000000000000	165	ewsxfvidzl7b	3c68098c-1259-465a-b073-6626f755878f	t	2026-02-11 15:18:20.830847+00	2026-02-11 16:17:52.936196+00	\N	81631e7b-923f-4ea9-b926-77926381e3b8
00000000-0000-0000-0000-000000000000	166	drbvazjmoa6e	3c68098c-1259-465a-b073-6626f755878f	t	2026-02-11 16:17:52.946041+00	2026-02-11 17:16:16.887216+00	ewsxfvidzl7b	81631e7b-923f-4ea9-b926-77926381e3b8
00000000-0000-0000-0000-000000000000	168	pjpram2czf4g	3c68098c-1259-465a-b073-6626f755878f	t	2026-02-11 17:47:18.784669+00	2026-02-11 18:57:51.662863+00	\N	52ee391c-3f1d-4fca-9a6f-de4ec87e9666
00000000-0000-0000-0000-000000000000	167	hzec4ozp7onz	3c68098c-1259-465a-b073-6626f755878f	t	2026-02-11 17:16:16.910686+00	2026-02-11 19:58:28.82851+00	drbvazjmoa6e	81631e7b-923f-4ea9-b926-77926381e3b8
00000000-0000-0000-0000-000000000000	169	663ttg5jelk4	3c68098c-1259-465a-b073-6626f755878f	t	2026-02-11 18:57:51.69133+00	2026-02-11 20:00:00.579763+00	pjpram2czf4g	52ee391c-3f1d-4fca-9a6f-de4ec87e9666
00000000-0000-0000-0000-000000000000	171	ssbiftghq6cj	3c68098c-1259-465a-b073-6626f755878f	f	2026-02-11 20:00:00.580833+00	2026-02-11 20:00:00.580833+00	663ttg5jelk4	52ee391c-3f1d-4fca-9a6f-de4ec87e9666
00000000-0000-0000-0000-000000000000	170	5t4uicksmaty	3c68098c-1259-465a-b073-6626f755878f	t	2026-02-11 19:58:28.849446+00	2026-02-12 08:35:18.310278+00	hzec4ozp7onz	81631e7b-923f-4ea9-b926-77926381e3b8
00000000-0000-0000-0000-000000000000	172	3noefvoxy4xx	3c68098c-1259-465a-b073-6626f755878f	t	2026-02-12 08:35:18.342759+00	2026-02-12 09:33:53.763727+00	5t4uicksmaty	81631e7b-923f-4ea9-b926-77926381e3b8
00000000-0000-0000-0000-000000000000	173	ilfilp4pwtgk	3c68098c-1259-465a-b073-6626f755878f	t	2026-02-12 09:33:53.779668+00	2026-02-12 10:32:11.667399+00	3noefvoxy4xx	81631e7b-923f-4ea9-b926-77926381e3b8
00000000-0000-0000-0000-000000000000	174	om2tx6r6bwmq	3c68098c-1259-465a-b073-6626f755878f	t	2026-02-12 10:32:11.691897+00	2026-02-12 11:30:17.559816+00	ilfilp4pwtgk	81631e7b-923f-4ea9-b926-77926381e3b8
00000000-0000-0000-0000-000000000000	175	e7t6h7f3xv2d	3c68098c-1259-465a-b073-6626f755878f	t	2026-02-12 11:30:17.567949+00	2026-02-12 12:28:24.739533+00	om2tx6r6bwmq	81631e7b-923f-4ea9-b926-77926381e3b8
00000000-0000-0000-0000-000000000000	176	cla2345hgvwl	3c68098c-1259-465a-b073-6626f755878f	t	2026-02-12 12:28:24.748317+00	2026-02-12 13:26:46.688113+00	e7t6h7f3xv2d	81631e7b-923f-4ea9-b926-77926381e3b8
00000000-0000-0000-0000-000000000000	177	bnkkfgltozk2	3c68098c-1259-465a-b073-6626f755878f	f	2026-02-12 13:26:46.699274+00	2026-02-12 13:26:46.699274+00	cla2345hgvwl	81631e7b-923f-4ea9-b926-77926381e3b8
\.


--
-- Data for Name: saml_providers; Type: TABLE DATA; Schema: auth; Owner: supabase_auth_admin
--

COPY auth.saml_providers (id, sso_provider_id, entity_id, metadata_xml, metadata_url, attribute_mapping, created_at, updated_at, name_id_format) FROM stdin;
\.


--
-- Data for Name: saml_relay_states; Type: TABLE DATA; Schema: auth; Owner: supabase_auth_admin
--

COPY auth.saml_relay_states (id, sso_provider_id, request_id, for_email, redirect_to, created_at, updated_at, flow_state_id) FROM stdin;
\.


--
-- Data for Name: schema_migrations; Type: TABLE DATA; Schema: auth; Owner: supabase_auth_admin
--

COPY auth.schema_migrations (version) FROM stdin;
20171026211738
20171026211808
20171026211834
20180103212743
20180108183307
20180119214651
20180125194653
00
20210710035447
20210722035447
20210730183235
20210909172000
20210927181326
20211122151130
20211124214934
20211202183645
20220114185221
20220114185340
20220224000811
20220323170000
20220429102000
20220531120530
20220614074223
20220811173540
20221003041349
20221003041400
20221011041400
20221020193600
20221021073300
20221021082433
20221027105023
20221114143122
20221114143410
20221125140132
20221208132122
20221215195500
20221215195800
20221215195900
20230116124310
20230116124412
20230131181311
20230322519590
20230402418590
20230411005111
20230508135423
20230523124323
20230818113222
20230914180801
20231027141322
20231114161723
20231117164230
20240115144230
20240214120130
20240306115329
20240314092811
20240427152123
20240612123726
20240729123726
20240802193726
20240806073726
20241009103726
20250717082212
20250731150234
20250804100000
20250901200500
20250903112500
20250904133000
20250925093508
20251007112900
20251104100000
20251111201300
20251201000000
20260115000000
20260121000000
\.


--
-- Data for Name: sessions; Type: TABLE DATA; Schema: auth; Owner: supabase_auth_admin
--

COPY auth.sessions (id, user_id, created_at, updated_at, factor_id, aal, not_after, refreshed_at, user_agent, ip, tag, oauth_client_id, refresh_token_hmac_key, refresh_token_counter, scopes) FROM stdin;
81631e7b-923f-4ea9-b926-77926381e3b8	3c68098c-1259-465a-b073-6626f755878f	2026-02-11 15:18:20.824647+00	2026-02-12 13:26:46.725898+00	\N	aal1	\N	2026-02-12 13:26:46.725794	Mozilla/5.0 (Macintosh; Intel Mac OS X 10_15_7) AppleWebKit/537.36 (KHTML, like Gecko) Chrome/144.0.0.0 Safari/537.36	47.62.78.10	\N	\N	\N	\N	\N
52ee391c-3f1d-4fca-9a6f-de4ec87e9666	3c68098c-1259-465a-b073-6626f755878f	2026-02-11 17:47:18.756794+00	2026-02-11 20:00:00.586293+00	\N	aal1	\N	2026-02-11 20:00:00.585592	Mozilla/5.0 (iPhone; CPU iPhone OS 26_2_1 like Mac OS X) AppleWebKit/605.1.15 (KHTML, like Gecko) CriOS/144.0.7559.95 Mobile/15E148 Safari/604.1	47.62.78.10	\N	\N	\N	\N	\N
\.


--
-- Data for Name: sso_domains; Type: TABLE DATA; Schema: auth; Owner: supabase_auth_admin
--

COPY auth.sso_domains (id, sso_provider_id, domain, created_at, updated_at) FROM stdin;
\.


--
-- Data for Name: sso_providers; Type: TABLE DATA; Schema: auth; Owner: supabase_auth_admin
--

COPY auth.sso_providers (id, resource_id, created_at, updated_at, disabled) FROM stdin;
\.


--
-- Data for Name: users; Type: TABLE DATA; Schema: auth; Owner: supabase_auth_admin
--

COPY auth.users (instance_id, id, aud, role, email, encrypted_password, email_confirmed_at, invited_at, confirmation_token, confirmation_sent_at, recovery_token, recovery_sent_at, email_change_token_new, email_change, email_change_sent_at, last_sign_in_at, raw_app_meta_data, raw_user_meta_data, is_super_admin, created_at, updated_at, phone, phone_confirmed_at, phone_change, phone_change_token, phone_change_sent_at, email_change_token_current, email_change_confirm_status, banned_until, reauthentication_token, reauthentication_sent_at, is_sso_user, deleted_at, is_anonymous) FROM stdin;
00000000-0000-0000-0000-000000000000	fe5395cc-dd9f-4e81-a0cf-4aa03ddf351e	authenticated	authenticated	test7@test.com	$2a$10$c55THR.lFVb5Pr9n2ttjh.x2kFyNgGtGg/Ncnk1ENYzMUXCaz/Udy	2026-02-10 12:11:24.296648+00	\N		\N		\N			\N	2026-02-10 12:11:24.300379+00	{"provider": "email", "providers": ["email"]}	{"sub": "fe5395cc-dd9f-4e81-a0cf-4aa03ddf351e", "nick": "test7", "email": "test7@test.com", "email_verified": true, "phone_verified": false}	\N	2026-02-10 12:11:24.291936+00	2026-02-10 12:11:24.303113+00	\N	\N			\N		0	\N		\N	f	\N	f
00000000-0000-0000-0000-000000000000	22afa7c4-8a0e-433c-aa5e-8f7d2722c8cb	authenticated	authenticated	test4@test.com	$2a$10$djU7OU/G9RZH5XzbAS0HX.GLOpRjVF.GfPE7cECc87oByHZiEfuv2	2026-02-10 12:10:22.86558+00	\N		\N		\N			\N	2026-02-10 12:10:22.869244+00	{"provider": "email", "providers": ["email"]}	{"sub": "22afa7c4-8a0e-433c-aa5e-8f7d2722c8cb", "nick": "test4", "email": "test4@test.com", "email_verified": true, "phone_verified": false}	\N	2026-02-10 12:10:22.846615+00	2026-02-10 12:10:22.871573+00	\N	\N			\N		0	\N		\N	f	\N	f
00000000-0000-0000-0000-000000000000	99894767-0097-40f8-9fca-14f4b3cf71a9	authenticated	authenticated	test14@gmail.com	$2a$10$J4k0LJSMTLxOdMPqUUmNme.W07xEhHpA/nEPuKUX9IigFYDAyq2g6	2026-02-10 14:00:25.732976+00	\N		\N		\N			\N	2026-02-11 14:16:52.055098+00	{"provider": "email", "providers": ["email"]}	{"sub": "99894767-0097-40f8-9fca-14f4b3cf71a9", "nick": "test14", "email": "test14@gmail.com", "email_verified": true, "phone_verified": false}	\N	2026-02-10 14:00:25.713717+00	2026-02-11 15:16:59.573517+00	\N	\N			\N		0	\N		\N	f	\N	f
00000000-0000-0000-0000-000000000000	817f334f-f30e-414b-ba4a-d1021a789631	authenticated	authenticated	test13@test.com	$2a$10$ptQj94MQpywoSBaFgLYMoemLhJtdrOXFdoI3hPb3/hg16.pikSIvu	2026-02-10 13:55:12.371893+00	\N		\N		\N			\N	2026-02-10 13:59:57.640345+00	{"provider": "email", "providers": ["email"]}	{"sub": "817f334f-f30e-414b-ba4a-d1021a789631", "nick": "test13", "email": "test13@test.com", "email_verified": true, "phone_verified": false}	\N	2026-02-10 13:55:12.32722+00	2026-02-10 13:59:57.652073+00	\N	\N			\N		0	\N		\N	f	\N	f
00000000-0000-0000-0000-000000000000	e5500dc2-90db-4a88-88af-482645d185be	authenticated	authenticated	test3@test.com	$2a$10$m1bl/WIQ8uXTTY9YEiiXSeXIT/vrCCw3yFztOJj.kJzdr8feGBcCu	2026-02-10 11:59:36.83529+00	\N		\N		\N			\N	2026-02-10 11:59:36.838737+00	{"provider": "email", "providers": ["email"]}	{"sub": "e5500dc2-90db-4a88-88af-482645d185be", "nick": "test3", "email": "test3@test.com", "email_verified": true, "phone_verified": false}	\N	2026-02-10 11:59:36.830052+00	2026-02-10 11:59:36.842284+00	\N	\N			\N		0	\N		\N	f	\N	f
00000000-0000-0000-0000-000000000000	13d9a5fc-0160-4643-9a0f-915ab813ac83	authenticated	authenticated	test1@test.com	$2a$10$35OUQOO2TMvJPbwVvtUTou8TtiypEQZwsAQp3ZbRdJkB0F7J6Yyqe	2026-02-10 11:59:09.759958+00	\N		\N		\N			\N	2026-02-10 12:00:49.900458+00	{"provider": "email", "providers": ["email"]}	{"sub": "13d9a5fc-0160-4643-9a0f-915ab813ac83", "nick": "test1", "email": "test1@test.com", "email_verified": true, "phone_verified": false}	\N	2026-02-10 11:59:09.752238+00	2026-02-10 12:00:49.905555+00	\N	\N			\N		0	\N		\N	f	\N	f
00000000-0000-0000-0000-000000000000	dbfb93bc-f483-4466-893b-81dd55986472	authenticated	authenticated	test6@test.com	$2a$10$qGewPFdxHE66XmiK8Ax9FudZ8q79fUTKISfNoRtTYKnXaj5HVzlAe	2026-02-10 12:11:04.844102+00	\N		\N		\N			\N	2026-02-10 12:11:04.851057+00	{"provider": "email", "providers": ["email"]}	{"sub": "dbfb93bc-f483-4466-893b-81dd55986472", "nick": "test6", "email": "test6@test.com", "email_verified": true, "phone_verified": false}	\N	2026-02-10 12:11:04.838694+00	2026-02-10 12:11:04.8535+00	\N	\N			\N		0	\N		\N	f	\N	f
00000000-0000-0000-0000-000000000000	99776c38-c92c-4133-bd2d-acfb06e76d26	authenticated	authenticated	test9@test.com	$2a$10$Us6IsYkQrQZdcwjii.20Ze2efC2/FCi8hzgWv6snwS0XggL0PbOzW	2026-02-10 12:12:18.682662+00	\N		\N		\N			\N	2026-02-10 12:12:18.684854+00	{"provider": "email", "providers": ["email"]}	{"sub": "99776c38-c92c-4133-bd2d-acfb06e76d26", "nick": "test9", "email": "test9@test.com", "email_verified": true, "phone_verified": false}	\N	2026-02-10 12:12:18.676386+00	2026-02-10 12:12:18.686502+00	\N	\N			\N		0	\N		\N	f	\N	f
00000000-0000-0000-0000-000000000000	fd25b712-7f86-4f89-bd86-1d8598a6ec1f	authenticated	authenticated	test5@test.com	$2a$10$aVSj.fRWxSTLiAEDAIbZE.1.cJ6STry/1I4mdTMoZhdzEWQxKMxTK	2026-02-10 12:10:46.998101+00	\N		\N		\N			\N	2026-02-10 12:10:47.000207+00	{"provider": "email", "providers": ["email"]}	{"sub": "fd25b712-7f86-4f89-bd86-1d8598a6ec1f", "nick": "test5", "email": "test5@test.com", "email_verified": true, "phone_verified": false}	\N	2026-02-10 12:10:46.990014+00	2026-02-10 12:10:47.002055+00	\N	\N			\N		0	\N		\N	f	\N	f
00000000-0000-0000-0000-000000000000	96bbeaee-35b6-4fc2-ac4a-35aa20c0fca0	authenticated	authenticated	test8@test.com	$2a$10$tI.B.hpErGZm7/DfDsVbnOrkUpFKISfnJp9qReDpqAwZ5YuNKvl.u	2026-02-10 12:11:50.920884+00	\N		\N		\N			\N	2026-02-10 12:11:50.937021+00	{"provider": "email", "providers": ["email"]}	{"sub": "96bbeaee-35b6-4fc2-ac4a-35aa20c0fca0", "nick": "test8", "email": "test8@test.com", "email_verified": true, "phone_verified": false}	\N	2026-02-10 12:11:50.844824+00	2026-02-10 12:11:50.954166+00	\N	\N			\N		0	\N		\N	f	\N	f
00000000-0000-0000-0000-000000000000	c3047c54-a5b6-4308-902b-00acb9780ee9	authenticated	authenticated	test10@test.com	$2a$10$vUggJt73Xlz7Em0RL2ZUl.KENh3UZKlhnXfS7dmmchoJiI/DGPgza	2026-02-10 12:12:41.168993+00	\N		\N		\N			\N	2026-02-10 12:12:41.171462+00	{"provider": "email", "providers": ["email"]}	{"sub": "c3047c54-a5b6-4308-902b-00acb9780ee9", "nick": "test10", "email": "test10@test.com", "email_verified": true, "phone_verified": false}	\N	2026-02-10 12:12:41.150404+00	2026-02-10 12:12:41.174246+00	\N	\N			\N		0	\N		\N	f	\N	f
00000000-0000-0000-0000-000000000000	c9604bcf-9dd7-445a-9036-92e3013141e5	authenticated	authenticated	test11@test.com	$2a$10$Y7EPPBWdXFCbnlBz/dXksu0m51vyZmu9/9zXLbRex4FhjLOLCunxK	2026-02-10 12:12:56.794317+00	\N		\N		\N			\N	2026-02-10 12:12:56.796323+00	{"provider": "email", "providers": ["email"]}	{"sub": "c9604bcf-9dd7-445a-9036-92e3013141e5", "nick": "test11", "email": "test11@test.com", "email_verified": true, "phone_verified": false}	\N	2026-02-10 12:12:56.790096+00	2026-02-10 12:12:56.797992+00	\N	\N			\N		0	\N		\N	f	\N	f
00000000-0000-0000-0000-000000000000	ba0e8c02-3af4-4e96-a94d-9ad6c021cc6d	authenticated	authenticated	test2@test.com	$2a$10$kn/P2X.g11WLzcl02oTeF.jSHXUIlLaI87z9gIApWB9Gb08WpR7US	2026-02-10 11:59:22.289943+00	\N		\N		\N			\N	2026-02-10 14:56:34.178243+00	{"provider": "email", "providers": ["email"]}	{"sub": "ba0e8c02-3af4-4e96-a94d-9ad6c021cc6d", "nick": "test2", "email": "test2@test.com", "email_verified": true, "phone_verified": false}	\N	2026-02-10 11:59:22.280384+00	2026-02-10 14:56:34.18128+00	\N	\N			\N		0	\N		\N	f	\N	f
00000000-0000-0000-0000-000000000000	3c68098c-1259-465a-b073-6626f755878f	authenticated	authenticated	jhortolano@gmail.com	$2a$10$9EcMzcSB2DiaCo.6KLGjCeOxwswDAujmw7eW3JSFi.ptmEKP48NtW	2026-02-10 11:58:46.622984+00	\N		\N		\N			\N	2026-02-11 17:47:18.756695+00	{"provider": "email", "providers": ["email"]}	{"sub": "3c68098c-1259-465a-b073-6626f755878f", "nick": "horto", "email": "jhortolano@gmail.com", "email_verified": true, "phone_verified": false}	\N	2026-02-10 11:58:46.587682+00	2026-02-12 13:26:46.711888+00	\N	\N			\N		0	\N		\N	f	\N	f
00000000-0000-0000-0000-000000000000	7924ec05-9234-4b4c-b603-684b6a1b9281	authenticated	authenticated	jhortolano+1@gmail.com	$2a$10$IlUKH3M/xOcLzEYEQm3haeBBW0m.dw0FR7uhDvV0w2oMLXZu1FYcG	2026-02-10 14:06:45.146898+00	\N		\N		\N			\N	2026-02-10 14:06:45.158061+00	{"provider": "email", "providers": ["email"]}	{"sub": "7924ec05-9234-4b4c-b603-684b6a1b9281", "nick": "test15", "email": "jhortolano+1@gmail.com", "email_verified": true, "phone_verified": false}	\N	2026-02-10 14:06:45.128846+00	2026-02-10 14:06:45.160343+00	\N	\N			\N		0	\N		\N	f	\N	f
00000000-0000-0000-0000-000000000000	dc14edbc-12ab-4598-aee0-ebe96aae05ae	authenticated	authenticated	jhortolano+3@gmail.com	$2a$10$rKHkM..wcarf99SagDmM6.u2sSkED/7OkwZO8ih9ANK1TadSkcuLW	2026-02-10 14:10:13.066456+00	\N		2026-02-10 14:09:29.345285+00		\N			\N	2026-02-10 14:10:13.069316+00	{"provider": "email", "providers": ["email"]}	{"sub": "dc14edbc-12ab-4598-aee0-ebe96aae05ae", "nick": "test16", "email": "jhortolano+3@gmail.com", "email_verified": true, "phone_verified": false}	\N	2026-02-10 14:09:29.340777+00	2026-02-10 14:10:13.07109+00	\N	\N			\N		0	\N		\N	f	\N	f
00000000-0000-0000-0000-000000000000	5a8e4ebe-a3d5-4217-a0e9-415048f13e54	authenticated	authenticated	jhortolano+2@gmail.com	$2a$10$hu.7E1pT.k9BB4JtDlfJru9gWzJxIJWoakQViLLxrDozQF.VJJAwK	2026-02-10 14:09:07.928659+00	\N		2026-02-10 14:08:40.273758+00		\N			\N	2026-02-10 14:09:07.933917+00	{"provider": "email", "providers": ["email"]}	{"sub": "5a8e4ebe-a3d5-4217-a0e9-415048f13e54", "nick": "test16", "email": "jhortolano+2@gmail.com", "email_verified": true, "phone_verified": false}	\N	2026-02-10 14:08:40.24791+00	2026-02-10 14:09:07.939509+00	\N	\N			\N		0	\N		\N	f	\N	f
00000000-0000-0000-0000-000000000000	f2b09d4c-5681-4253-90cf-8f495beeeaf6	authenticated	authenticated	jhortolano+4@gmail.com	$2a$10$YELQIhmy9LIwvNoXtU8hrOzTXvUyDqUI7qFbPklpc0jS50Wv3FcKG	2026-02-10 14:36:54.356122+00	\N		2026-02-10 14:36:10.058986+00		\N			\N	2026-02-10 14:56:21.754358+00	{"provider": "email", "providers": ["email"]}	{"sub": "f2b09d4c-5681-4253-90cf-8f495beeeaf6", "nick": "test18", "email": "jhortolano+4@gmail.com", "email_verified": true, "phone_verified": false}	\N	2026-02-10 14:36:10.039648+00	2026-02-10 14:56:21.761184+00	\N	\N			\N		0	\N		\N	f	\N	f
\.


--
-- Data for Name: config; Type: TABLE DATA; Schema: public; Owner: postgres
--

COPY public.config (id, current_week, current_season) FROM stdin;
1	1	1
\.


--
-- Data for Name: matches; Type: TABLE DATA; Schema: public; Owner: postgres
--

COPY public.matches (id, home_team, away_team, home_score, away_score, week, is_played, created_at, season, division) FROM stdin;
14	13d9a5fc-0160-4643-9a0f-915ab813ac83	c3047c54-a5b6-4308-902b-00acb9780ee9	\N	\N	1	f	2026-02-10 12:13:45.786248+00	1	1
16	c9604bcf-9dd7-445a-9036-92e3013141e5	13d9a5fc-0160-4643-9a0f-915ab813ac83	\N	\N	2	f	2026-02-10 12:13:45.786248+00	1	1
17	3c68098c-1259-465a-b073-6626f755878f	13d9a5fc-0160-4643-9a0f-915ab813ac83	\N	\N	3	f	2026-02-10 12:13:45.786248+00	1	1
18	c3047c54-a5b6-4308-902b-00acb9780ee9	c9604bcf-9dd7-445a-9036-92e3013141e5	\N	\N	3	f	2026-02-10 12:13:45.786248+00	1	1
19	c9604bcf-9dd7-445a-9036-92e3013141e5	3c68098c-1259-465a-b073-6626f755878f	\N	\N	4	f	2026-02-10 12:13:45.786248+00	1	1
20	c3047c54-a5b6-4308-902b-00acb9780ee9	13d9a5fc-0160-4643-9a0f-915ab813ac83	\N	\N	4	f	2026-02-10 12:13:45.786248+00	1	1
21	c3047c54-a5b6-4308-902b-00acb9780ee9	3c68098c-1259-465a-b073-6626f755878f	\N	\N	5	f	2026-02-10 12:13:45.786248+00	1	1
22	13d9a5fc-0160-4643-9a0f-915ab813ac83	c9604bcf-9dd7-445a-9036-92e3013141e5	\N	\N	5	f	2026-02-10 12:13:45.786248+00	1	1
23	13d9a5fc-0160-4643-9a0f-915ab813ac83	3c68098c-1259-465a-b073-6626f755878f	\N	\N	6	f	2026-02-10 12:13:45.786248+00	1	1
24	c9604bcf-9dd7-445a-9036-92e3013141e5	c3047c54-a5b6-4308-902b-00acb9780ee9	\N	\N	6	f	2026-02-10 12:13:45.786248+00	1	1
25	ba0e8c02-3af4-4e96-a94d-9ad6c021cc6d	fd25b712-7f86-4f89-bd86-1d8598a6ec1f	\N	\N	1	f	2026-02-10 12:13:45.786248+00	1	2
26	e5500dc2-90db-4a88-88af-482645d185be	22afa7c4-8a0e-433c-aa5e-8f7d2722c8cb	\N	\N	1	f	2026-02-10 12:13:45.786248+00	1	2
27	ba0e8c02-3af4-4e96-a94d-9ad6c021cc6d	22afa7c4-8a0e-433c-aa5e-8f7d2722c8cb	\N	\N	2	f	2026-02-10 12:13:45.786248+00	1	2
28	fd25b712-7f86-4f89-bd86-1d8598a6ec1f	e5500dc2-90db-4a88-88af-482645d185be	\N	\N	2	f	2026-02-10 12:13:45.786248+00	1	2
29	ba0e8c02-3af4-4e96-a94d-9ad6c021cc6d	e5500dc2-90db-4a88-88af-482645d185be	\N	\N	3	f	2026-02-10 12:13:45.786248+00	1	2
30	22afa7c4-8a0e-433c-aa5e-8f7d2722c8cb	fd25b712-7f86-4f89-bd86-1d8598a6ec1f	\N	\N	3	f	2026-02-10 12:13:45.786248+00	1	2
31	fd25b712-7f86-4f89-bd86-1d8598a6ec1f	ba0e8c02-3af4-4e96-a94d-9ad6c021cc6d	\N	\N	4	f	2026-02-10 12:13:45.786248+00	1	2
32	22afa7c4-8a0e-433c-aa5e-8f7d2722c8cb	e5500dc2-90db-4a88-88af-482645d185be	\N	\N	4	f	2026-02-10 12:13:45.786248+00	1	2
33	22afa7c4-8a0e-433c-aa5e-8f7d2722c8cb	ba0e8c02-3af4-4e96-a94d-9ad6c021cc6d	\N	\N	5	f	2026-02-10 12:13:45.786248+00	1	2
34	e5500dc2-90db-4a88-88af-482645d185be	fd25b712-7f86-4f89-bd86-1d8598a6ec1f	\N	\N	5	f	2026-02-10 12:13:45.786248+00	1	2
35	e5500dc2-90db-4a88-88af-482645d185be	ba0e8c02-3af4-4e96-a94d-9ad6c021cc6d	\N	\N	6	f	2026-02-10 12:13:45.786248+00	1	2
36	fd25b712-7f86-4f89-bd86-1d8598a6ec1f	22afa7c4-8a0e-433c-aa5e-8f7d2722c8cb	\N	\N	6	f	2026-02-10 12:13:45.786248+00	1	2
37	dbfb93bc-f483-4466-893b-81dd55986472	99776c38-c92c-4133-bd2d-acfb06e76d26	\N	\N	1	f	2026-02-10 12:13:45.786248+00	1	3
38	fe5395cc-dd9f-4e81-a0cf-4aa03ddf351e	96bbeaee-35b6-4fc2-ac4a-35aa20c0fca0	\N	\N	1	f	2026-02-10 12:13:45.786248+00	1	3
39	dbfb93bc-f483-4466-893b-81dd55986472	96bbeaee-35b6-4fc2-ac4a-35aa20c0fca0	\N	\N	2	f	2026-02-10 12:13:45.786248+00	1	3
40	99776c38-c92c-4133-bd2d-acfb06e76d26	fe5395cc-dd9f-4e81-a0cf-4aa03ddf351e	\N	\N	2	f	2026-02-10 12:13:45.786248+00	1	3
41	dbfb93bc-f483-4466-893b-81dd55986472	fe5395cc-dd9f-4e81-a0cf-4aa03ddf351e	\N	\N	3	f	2026-02-10 12:13:45.786248+00	1	3
42	96bbeaee-35b6-4fc2-ac4a-35aa20c0fca0	99776c38-c92c-4133-bd2d-acfb06e76d26	\N	\N	3	f	2026-02-10 12:13:45.786248+00	1	3
43	99776c38-c92c-4133-bd2d-acfb06e76d26	dbfb93bc-f483-4466-893b-81dd55986472	\N	\N	4	f	2026-02-10 12:13:45.786248+00	1	3
44	96bbeaee-35b6-4fc2-ac4a-35aa20c0fca0	fe5395cc-dd9f-4e81-a0cf-4aa03ddf351e	\N	\N	4	f	2026-02-10 12:13:45.786248+00	1	3
45	96bbeaee-35b6-4fc2-ac4a-35aa20c0fca0	dbfb93bc-f483-4466-893b-81dd55986472	\N	\N	5	f	2026-02-10 12:13:45.786248+00	1	3
46	fe5395cc-dd9f-4e81-a0cf-4aa03ddf351e	99776c38-c92c-4133-bd2d-acfb06e76d26	\N	\N	5	f	2026-02-10 12:13:45.786248+00	1	3
47	fe5395cc-dd9f-4e81-a0cf-4aa03ddf351e	dbfb93bc-f483-4466-893b-81dd55986472	\N	\N	6	f	2026-02-10 12:13:45.786248+00	1	3
48	99776c38-c92c-4133-bd2d-acfb06e76d26	96bbeaee-35b6-4fc2-ac4a-35aa20c0fca0	\N	\N	6	f	2026-02-10 12:13:45.786248+00	1	3
13	3c68098c-1259-465a-b073-6626f755878f	c9604bcf-9dd7-445a-9036-92e3013141e5	1	0	1	t	2026-02-10 12:13:45.786248+00	1	1
15	3c68098c-1259-465a-b073-6626f755878f	c3047c54-a5b6-4308-902b-00acb9780ee9	2	1	2	t	2026-02-10 12:13:45.786248+00	1	1
51	c3047c54-a5b6-4308-902b-00acb9780ee9	817f334f-f30e-414b-ba4a-d1021a789631	\N	\N	1	f	2026-02-11 16:31:06.550724+00	2	1
52	13d9a5fc-0160-4643-9a0f-915ab813ac83	3c68098c-1259-465a-b073-6626f755878f	\N	\N	1	f	2026-02-11 16:31:06.550724+00	2	1
53	c9604bcf-9dd7-445a-9036-92e3013141e5	dc14edbc-12ab-4598-aee0-ebe96aae05ae	\N	\N	1	f	2026-02-11 16:31:06.550724+00	2	1
54	3c68098c-1259-465a-b073-6626f755878f	c3047c54-a5b6-4308-902b-00acb9780ee9	\N	\N	2	f	2026-02-11 16:31:06.550724+00	2	1
55	dc14edbc-12ab-4598-aee0-ebe96aae05ae	817f334f-f30e-414b-ba4a-d1021a789631	\N	\N	2	f	2026-02-11 16:31:06.550724+00	2	1
56	c9604bcf-9dd7-445a-9036-92e3013141e5	13d9a5fc-0160-4643-9a0f-915ab813ac83	\N	\N	2	f	2026-02-11 16:31:06.550724+00	2	1
57	c3047c54-a5b6-4308-902b-00acb9780ee9	dc14edbc-12ab-4598-aee0-ebe96aae05ae	\N	\N	3	f	2026-02-11 16:31:06.550724+00	2	1
58	3c68098c-1259-465a-b073-6626f755878f	c9604bcf-9dd7-445a-9036-92e3013141e5	\N	\N	3	f	2026-02-11 16:31:06.550724+00	2	1
59	817f334f-f30e-414b-ba4a-d1021a789631	13d9a5fc-0160-4643-9a0f-915ab813ac83	\N	\N	3	f	2026-02-11 16:31:06.550724+00	2	1
60	c9604bcf-9dd7-445a-9036-92e3013141e5	c3047c54-a5b6-4308-902b-00acb9780ee9	\N	\N	4	f	2026-02-11 16:31:06.550724+00	2	1
61	13d9a5fc-0160-4643-9a0f-915ab813ac83	dc14edbc-12ab-4598-aee0-ebe96aae05ae	\N	\N	4	f	2026-02-11 16:31:06.550724+00	2	1
62	817f334f-f30e-414b-ba4a-d1021a789631	3c68098c-1259-465a-b073-6626f755878f	\N	\N	4	f	2026-02-11 16:31:06.550724+00	2	1
63	c3047c54-a5b6-4308-902b-00acb9780ee9	13d9a5fc-0160-4643-9a0f-915ab813ac83	\N	\N	5	f	2026-02-11 16:31:06.550724+00	2	1
64	c9604bcf-9dd7-445a-9036-92e3013141e5	817f334f-f30e-414b-ba4a-d1021a789631	\N	\N	5	f	2026-02-11 16:31:06.550724+00	2	1
65	dc14edbc-12ab-4598-aee0-ebe96aae05ae	3c68098c-1259-465a-b073-6626f755878f	\N	\N	5	f	2026-02-11 16:31:06.550724+00	2	1
66	e5500dc2-90db-4a88-88af-482645d185be	5a8e4ebe-a3d5-4217-a0e9-415048f13e54	\N	\N	1	f	2026-02-11 16:31:06.550724+00	2	2
67	99894767-0097-40f8-9fca-14f4b3cf71a9	ba0e8c02-3af4-4e96-a94d-9ad6c021cc6d	\N	\N	1	f	2026-02-11 16:31:06.550724+00	2	2
68	7924ec05-9234-4b4c-b603-684b6a1b9281	f2b09d4c-5681-4253-90cf-8f495beeeaf6	\N	\N	1	f	2026-02-11 16:31:06.550724+00	2	2
69	ba0e8c02-3af4-4e96-a94d-9ad6c021cc6d	e5500dc2-90db-4a88-88af-482645d185be	\N	\N	2	f	2026-02-11 16:31:06.550724+00	2	2
70	f2b09d4c-5681-4253-90cf-8f495beeeaf6	5a8e4ebe-a3d5-4217-a0e9-415048f13e54	\N	\N	2	f	2026-02-11 16:31:06.550724+00	2	2
71	7924ec05-9234-4b4c-b603-684b6a1b9281	99894767-0097-40f8-9fca-14f4b3cf71a9	\N	\N	2	f	2026-02-11 16:31:06.550724+00	2	2
72	e5500dc2-90db-4a88-88af-482645d185be	f2b09d4c-5681-4253-90cf-8f495beeeaf6	\N	\N	3	f	2026-02-11 16:31:06.550724+00	2	2
73	ba0e8c02-3af4-4e96-a94d-9ad6c021cc6d	7924ec05-9234-4b4c-b603-684b6a1b9281	\N	\N	3	f	2026-02-11 16:31:06.550724+00	2	2
74	5a8e4ebe-a3d5-4217-a0e9-415048f13e54	99894767-0097-40f8-9fca-14f4b3cf71a9	\N	\N	3	f	2026-02-11 16:31:06.550724+00	2	2
75	7924ec05-9234-4b4c-b603-684b6a1b9281	e5500dc2-90db-4a88-88af-482645d185be	\N	\N	4	f	2026-02-11 16:31:06.550724+00	2	2
76	99894767-0097-40f8-9fca-14f4b3cf71a9	f2b09d4c-5681-4253-90cf-8f495beeeaf6	\N	\N	4	f	2026-02-11 16:31:06.550724+00	2	2
77	5a8e4ebe-a3d5-4217-a0e9-415048f13e54	ba0e8c02-3af4-4e96-a94d-9ad6c021cc6d	\N	\N	4	f	2026-02-11 16:31:06.550724+00	2	2
78	e5500dc2-90db-4a88-88af-482645d185be	99894767-0097-40f8-9fca-14f4b3cf71a9	\N	\N	5	f	2026-02-11 16:31:06.550724+00	2	2
79	7924ec05-9234-4b4c-b603-684b6a1b9281	5a8e4ebe-a3d5-4217-a0e9-415048f13e54	\N	\N	5	f	2026-02-11 16:31:06.550724+00	2	2
80	f2b09d4c-5681-4253-90cf-8f495beeeaf6	ba0e8c02-3af4-4e96-a94d-9ad6c021cc6d	\N	\N	5	f	2026-02-11 16:31:06.550724+00	2	2
81	96bbeaee-35b6-4fc2-ac4a-35aa20c0fca0	fd25b712-7f86-4f89-bd86-1d8598a6ec1f	\N	\N	1	f	2026-02-11 16:31:06.550724+00	2	3
82	99776c38-c92c-4133-bd2d-acfb06e76d26	dbfb93bc-f483-4466-893b-81dd55986472	\N	\N	1	f	2026-02-11 16:31:06.550724+00	2	3
83	fe5395cc-dd9f-4e81-a0cf-4aa03ddf351e	22afa7c4-8a0e-433c-aa5e-8f7d2722c8cb	\N	\N	1	f	2026-02-11 16:31:06.550724+00	2	3
84	dbfb93bc-f483-4466-893b-81dd55986472	96bbeaee-35b6-4fc2-ac4a-35aa20c0fca0	\N	\N	2	f	2026-02-11 16:31:06.550724+00	2	3
85	22afa7c4-8a0e-433c-aa5e-8f7d2722c8cb	fd25b712-7f86-4f89-bd86-1d8598a6ec1f	\N	\N	2	f	2026-02-11 16:31:06.550724+00	2	3
86	fe5395cc-dd9f-4e81-a0cf-4aa03ddf351e	99776c38-c92c-4133-bd2d-acfb06e76d26	\N	\N	2	f	2026-02-11 16:31:06.550724+00	2	3
87	96bbeaee-35b6-4fc2-ac4a-35aa20c0fca0	22afa7c4-8a0e-433c-aa5e-8f7d2722c8cb	\N	\N	3	f	2026-02-11 16:31:06.550724+00	2	3
88	dbfb93bc-f483-4466-893b-81dd55986472	fe5395cc-dd9f-4e81-a0cf-4aa03ddf351e	\N	\N	3	f	2026-02-11 16:31:06.550724+00	2	3
89	fd25b712-7f86-4f89-bd86-1d8598a6ec1f	99776c38-c92c-4133-bd2d-acfb06e76d26	\N	\N	3	f	2026-02-11 16:31:06.550724+00	2	3
90	fe5395cc-dd9f-4e81-a0cf-4aa03ddf351e	96bbeaee-35b6-4fc2-ac4a-35aa20c0fca0	\N	\N	4	f	2026-02-11 16:31:06.550724+00	2	3
91	99776c38-c92c-4133-bd2d-acfb06e76d26	22afa7c4-8a0e-433c-aa5e-8f7d2722c8cb	\N	\N	4	f	2026-02-11 16:31:06.550724+00	2	3
92	fd25b712-7f86-4f89-bd86-1d8598a6ec1f	dbfb93bc-f483-4466-893b-81dd55986472	\N	\N	4	f	2026-02-11 16:31:06.550724+00	2	3
93	96bbeaee-35b6-4fc2-ac4a-35aa20c0fca0	99776c38-c92c-4133-bd2d-acfb06e76d26	\N	\N	5	f	2026-02-11 16:31:06.550724+00	2	3
94	fe5395cc-dd9f-4e81-a0cf-4aa03ddf351e	fd25b712-7f86-4f89-bd86-1d8598a6ec1f	\N	\N	5	f	2026-02-11 16:31:06.550724+00	2	3
95	22afa7c4-8a0e-433c-aa5e-8f7d2722c8cb	dbfb93bc-f483-4466-893b-81dd55986472	\N	\N	5	f	2026-02-11 16:31:06.550724+00	2	3
\.


--
-- Data for Name: playoff_matches; Type: TABLE DATA; Schema: public; Owner: postgres
--

COPY public.playoff_matches (id, playoff_id, round, match_order, home_team, away_team, home_score, away_score, winner_id, next_match_id, played, start_date, end_date) FROM stdin;
c3a82ff3-5ad3-47b2-8ab3-fe1a05537aa8	e7882ba6-d87f-4753-9660-cdcdcea4932d	Cuartos (Ida)	0	13d9a5fc-0160-4643-9a0f-915ab813ac83	3c68098c-1259-465a-b073-6626f755878f	\N	\N	\N	\N	f	2026-02-12 12:36:00+00	2026-02-19 12:36:00+00
7d9420cb-8938-472b-a9d7-40aa5e35e3a2	e7882ba6-d87f-4753-9660-cdcdcea4932d	Cuartos (Vuelta)	0	3c68098c-1259-465a-b073-6626f755878f	13d9a5fc-0160-4643-9a0f-915ab813ac83	\N	\N	\N	\N	f	2026-02-19 12:37:00+00	2026-02-26 12:37:00+00
b2a5ad36-3375-4a9f-8150-13172aceeafb	e7882ba6-d87f-4753-9660-cdcdcea4932d	Cuartos (Ida)	1	817f334f-f30e-414b-ba4a-d1021a789631	c9604bcf-9dd7-445a-9036-92e3013141e5	\N	\N	\N	\N	f	2026-02-12 12:36:00+00	2026-02-19 12:36:00+00
51a4d7c3-2566-49f7-a3d3-c9a9f298d10c	e7882ba6-d87f-4753-9660-cdcdcea4932d	Cuartos (Vuelta)	1	c9604bcf-9dd7-445a-9036-92e3013141e5	817f334f-f30e-414b-ba4a-d1021a789631	\N	\N	\N	\N	f	2026-02-19 12:37:00+00	2026-02-26 12:37:00+00
4e738457-0fe1-41df-b66d-1de22b91d18b	e7882ba6-d87f-4753-9660-cdcdcea4932d	Cuartos (Ida)	2	99894767-0097-40f8-9fca-14f4b3cf71a9	c3047c54-a5b6-4308-902b-00acb9780ee9	\N	\N	\N	\N	f	2026-02-12 12:36:00+00	2026-02-19 12:36:00+00
905b6a9a-e54b-4a70-8d2e-276787099072	e7882ba6-d87f-4753-9660-cdcdcea4932d	Cuartos (Vuelta)	2	c3047c54-a5b6-4308-902b-00acb9780ee9	99894767-0097-40f8-9fca-14f4b3cf71a9	\N	\N	\N	\N	f	2026-02-19 12:37:00+00	2026-02-26 12:37:00+00
e63e7703-ddde-46aa-8a13-76a167089d4b	e7882ba6-d87f-4753-9660-cdcdcea4932d	Cuartos (Ida)	3	7924ec05-9234-4b4c-b603-684b6a1b9281	\N	\N	\N	\N	\N	f	2026-02-12 12:36:00+00	2026-02-19 12:36:00+00
79dc0462-4aee-4cef-a8ac-dcc8b15663a0	e7882ba6-d87f-4753-9660-cdcdcea4932d	Semifinales	0	\N	\N	\N	\N	\N	\N	f	2026-02-26 13:37:00+00	2026-03-05 13:37:00+00
b599cd33-67ed-4b3a-823e-9c19cad968b8	e7882ba6-d87f-4753-9660-cdcdcea4932d	Final	0	\N	\N	\N	\N	\N	\N	f	2026-03-05 14:37:00+00	2026-03-12 14:37:00+00
61bd6887-b83a-43ba-ad56-3e486db5ea27	e7882ba6-d87f-4753-9660-cdcdcea4932d	Semifinales	1	\N	7924ec05-9234-4b4c-b603-684b6a1b9281	\N	\N	\N	\N	f	2026-02-26 13:37:00+00	2026-03-05 13:37:00+00
7387d8fe-4c51-4b2c-9062-1a224f5d8713	59dd2d5e-6725-4531-9417-6abe49ccbf4c	Octavos (Ida)	0	e5500dc2-90db-4a88-88af-482645d185be	fe5395cc-dd9f-4e81-a0cf-4aa03ddf351e	2	1	\N	\N	t	2026-02-12 12:22:00+00	2026-02-19 12:22:00+00
635cbb9f-9ee6-4a7d-bde3-926f1980d066	59dd2d5e-6725-4531-9417-6abe49ccbf4c	Octavos (Vuelta)	0	fe5395cc-dd9f-4e81-a0cf-4aa03ddf351e	e5500dc2-90db-4a88-88af-482645d185be	1	1	\N	\N	t	2026-02-19 12:23:00+00	2026-02-26 12:23:00+00
9164f49f-fc79-4493-99ea-9931148e5456	071a45ff-6ede-4b83-bb74-730fb6da4032	Octavos (Ida)	1	fe5395cc-dd9f-4e81-a0cf-4aa03ddf351e	22afa7c4-8a0e-433c-aa5e-8f7d2722c8cb	\N	\N	\N	\N	f	2026-02-26 13:54:00+00	2026-03-05 13:54:00+00
4b18afb0-5744-4bdf-9045-bf6fd9daecbf	59dd2d5e-6725-4531-9417-6abe49ccbf4c	Octavos (Ida)	1	22afa7c4-8a0e-433c-aa5e-8f7d2722c8cb	3c68098c-1259-465a-b073-6626f755878f	2	1	\N	\N	t	2026-02-12 12:22:00+00	2026-02-19 12:22:00+00
cb326768-630e-47d1-bd95-20c944da2371	071a45ff-6ede-4b83-bb74-730fb6da4032	Octavos (Vuelta)	1	fe5395cc-dd9f-4e81-a0cf-4aa03ddf351e	22afa7c4-8a0e-433c-aa5e-8f7d2722c8cb	\N	\N	\N	\N	f	2026-03-05 13:55:00+00	2026-03-12 13:55:00+00
f72ac5df-fbc7-4abd-82a2-8ba18f246ee9	071a45ff-6ede-4b83-bb74-730fb6da4032	Octavos (Ida)	5	99776c38-c92c-4133-bd2d-acfb06e76d26	c3047c54-a5b6-4308-902b-00acb9780ee9	\N	\N	\N	\N	f	2026-02-26 13:54:00+00	2026-03-05 13:54:00+00
5968ef38-58bb-4e1d-9f37-971048f9a146	071a45ff-6ede-4b83-bb74-730fb6da4032	Octavos (Vuelta)	5	99776c38-c92c-4133-bd2d-acfb06e76d26	c3047c54-a5b6-4308-902b-00acb9780ee9	\N	\N	\N	\N	f	2026-03-05 13:55:00+00	2026-03-12 13:55:00+00
02b9e46e-b8fe-4839-b8d5-93e8e2f85c2b	59dd2d5e-6725-4531-9417-6abe49ccbf4c	Octavos (Vuelta)	1	3c68098c-1259-465a-b073-6626f755878f	22afa7c4-8a0e-433c-aa5e-8f7d2722c8cb	2	2	\N	\N	t	2026-02-19 12:23:00+00	2026-02-26 12:23:00+00
2bc1e71c-df0e-4285-9109-5d1ad0f09c6d	071a45ff-6ede-4b83-bb74-730fb6da4032	Octavos (Ida)	2	96bbeaee-35b6-4fc2-ac4a-35aa20c0fca0	c9604bcf-9dd7-445a-9036-92e3013141e5	\N	\N	\N	\N	f	2026-02-26 13:54:00+00	2026-03-05 13:54:00+00
b768946d-2580-4240-8400-2f64ad6eb347	59dd2d5e-6725-4531-9417-6abe49ccbf4c	Octavos (Ida)	2	dbfb93bc-f483-4466-893b-81dd55986472	7924ec05-9234-4b4c-b603-684b6a1b9281	6	0	\N	\N	t	2026-02-12 12:22:00+00	2026-02-19 12:22:00+00
dfa536b4-5b2e-4204-a2b0-e6cd6be96d78	071a45ff-6ede-4b83-bb74-730fb6da4032	Octavos (Vuelta)	2	96bbeaee-35b6-4fc2-ac4a-35aa20c0fca0	c9604bcf-9dd7-445a-9036-92e3013141e5	\N	\N	\N	\N	f	2026-03-05 13:55:00+00	2026-03-12 13:55:00+00
3be33553-7457-42fe-bbe2-d85603586990	59dd2d5e-6725-4531-9417-6abe49ccbf4c	Octavos (Vuelta)	2	7924ec05-9234-4b4c-b603-684b6a1b9281	dbfb93bc-f483-4466-893b-81dd55986472	1	1	\N	\N	t	2026-02-19 12:23:00+00	2026-02-26 12:23:00+00
566968a8-1656-4c84-b59a-0a6c94b4746b	59dd2d5e-6725-4531-9417-6abe49ccbf4c	Octavos (Ida)	3	ba0e8c02-3af4-4e96-a94d-9ad6c021cc6d	13d9a5fc-0160-4643-9a0f-915ab813ac83	4	1	\N	\N	t	2026-02-12 12:22:00+00	2026-02-19 12:22:00+00
9888763c-519f-4e1f-b04d-6bc28f2996fd	59dd2d5e-6725-4531-9417-6abe49ccbf4c	Octavos (Vuelta)	3	13d9a5fc-0160-4643-9a0f-915ab813ac83	ba0e8c02-3af4-4e96-a94d-9ad6c021cc6d	1	1	\N	\N	t	2026-02-19 12:23:00+00	2026-02-26 12:23:00+00
a33a4fd1-d5e4-42a7-8093-1a9feee903a1	071a45ff-6ede-4b83-bb74-730fb6da4032	Octavos (Ida)	3	f2b09d4c-5681-4253-90cf-8f495beeeaf6	99894767-0097-40f8-9fca-14f4b3cf71a9	\N	\N	\N	\N	f	2026-02-26 13:54:00+00	2026-03-05 13:54:00+00
7954b7db-d4be-48fd-98d0-33ccb2ad0fa8	59dd2d5e-6725-4531-9417-6abe49ccbf4c	Octavos (Ida)	4	c3047c54-a5b6-4308-902b-00acb9780ee9	f2b09d4c-5681-4253-90cf-8f495beeeaf6	3	3	\N	\N	t	2026-02-12 12:22:00+00	2026-02-19 12:22:00+00
409629c9-0beb-4f0a-806b-c40e1d96e4b6	071a45ff-6ede-4b83-bb74-730fb6da4032	Dieciseisavos (Ida)	0	13d9a5fc-0160-4643-9a0f-915ab813ac83	5a8e4ebe-a3d5-4217-a0e9-415048f13e54	\N	\N	\N	\N	f	2026-02-12 12:53:00+00	2026-02-19 12:53:00+00
d3546bb5-7003-4152-865f-f6c23cf30dde	071a45ff-6ede-4b83-bb74-730fb6da4032	Dieciseisavos (Vuelta)	0	5a8e4ebe-a3d5-4217-a0e9-415048f13e54	13d9a5fc-0160-4643-9a0f-915ab813ac83	\N	\N	\N	\N	f	2026-02-19 12:54:00+00	2026-02-26 12:54:00+00
0e6ce1a5-af16-44f1-9c7a-97eaf5f81671	071a45ff-6ede-4b83-bb74-730fb6da4032	Dieciseisavos (Ida)	1	dbfb93bc-f483-4466-893b-81dd55986472	817f334f-f30e-414b-ba4a-d1021a789631	\N	\N	\N	\N	f	2026-02-12 12:53:00+00	2026-02-19 12:53:00+00
f5354edc-ee09-4179-aa70-41fc5c1eb056	071a45ff-6ede-4b83-bb74-730fb6da4032	Dieciseisavos (Vuelta)	1	817f334f-f30e-414b-ba4a-d1021a789631	dbfb93bc-f483-4466-893b-81dd55986472	\N	\N	\N	\N	f	2026-02-19 12:54:00+00	2026-02-26 12:54:00+00
5a26dee4-21c7-4e31-8962-d4bfaf367d68	071a45ff-6ede-4b83-bb74-730fb6da4032	Dieciseisavos (Ida)	2	fe5395cc-dd9f-4e81-a0cf-4aa03ddf351e	\N	\N	\N	\N	\N	f	2026-02-12 12:53:00+00	2026-02-19 12:53:00+00
47cc996b-bfb7-4152-a9f1-5237f21b961d	071a45ff-6ede-4b83-bb74-730fb6da4032	Dieciseisavos (Ida)	3	22afa7c4-8a0e-433c-aa5e-8f7d2722c8cb	\N	\N	\N	\N	\N	f	2026-02-12 12:53:00+00	2026-02-19 12:53:00+00
64737e6b-362f-4bdf-9ee8-1aae5392038a	071a45ff-6ede-4b83-bb74-730fb6da4032	Dieciseisavos (Ida)	4	96bbeaee-35b6-4fc2-ac4a-35aa20c0fca0	\N	\N	\N	\N	\N	f	2026-02-12 12:53:00+00	2026-02-19 12:53:00+00
8bb59a1d-08a6-4ab3-b907-d3f1624c473d	071a45ff-6ede-4b83-bb74-730fb6da4032	Dieciseisavos (Ida)	5	c9604bcf-9dd7-445a-9036-92e3013141e5	\N	\N	\N	\N	\N	f	2026-02-12 12:53:00+00	2026-02-19 12:53:00+00
a5ead43b-fbbc-4343-b7c3-05170bce2635	071a45ff-6ede-4b83-bb74-730fb6da4032	Dieciseisavos (Ida)	6	f2b09d4c-5681-4253-90cf-8f495beeeaf6	\N	\N	\N	\N	\N	f	2026-02-12 12:53:00+00	2026-02-19 12:53:00+00
b98be999-b296-46f0-a876-c70caae4fb45	071a45ff-6ede-4b83-bb74-730fb6da4032	Dieciseisavos (Ida)	7	99894767-0097-40f8-9fca-14f4b3cf71a9	\N	\N	\N	\N	\N	f	2026-02-12 12:53:00+00	2026-02-19 12:53:00+00
fa27363b-b176-4ffb-9136-bcd0734fa9da	071a45ff-6ede-4b83-bb74-730fb6da4032	Dieciseisavos (Ida)	8	7924ec05-9234-4b4c-b603-684b6a1b9281	\N	\N	\N	\N	\N	f	2026-02-12 12:53:00+00	2026-02-19 12:53:00+00
bd055ffa-4e90-4b23-a132-c5efdb8dbed4	071a45ff-6ede-4b83-bb74-730fb6da4032	Dieciseisavos (Ida)	9	fd25b712-7f86-4f89-bd86-1d8598a6ec1f	\N	\N	\N	\N	\N	f	2026-02-12 12:53:00+00	2026-02-19 12:53:00+00
2b2bfc6a-19b0-4b83-ac64-a8250a99b4d1	071a45ff-6ede-4b83-bb74-730fb6da4032	Dieciseisavos (Ida)	10	99776c38-c92c-4133-bd2d-acfb06e76d26	\N	\N	\N	\N	\N	f	2026-02-12 12:53:00+00	2026-02-19 12:53:00+00
cc715c79-2c01-4115-8961-ce581c66656f	071a45ff-6ede-4b83-bb74-730fb6da4032	Dieciseisavos (Ida)	11	c3047c54-a5b6-4308-902b-00acb9780ee9	\N	\N	\N	\N	\N	f	2026-02-12 12:53:00+00	2026-02-19 12:53:00+00
15c3a8f4-1880-4133-b77d-f26ac149090d	071a45ff-6ede-4b83-bb74-730fb6da4032	Dieciseisavos (Ida)	12	dc14edbc-12ab-4598-aee0-ebe96aae05ae	\N	\N	\N	\N	\N	f	2026-02-12 12:53:00+00	2026-02-19 12:53:00+00
8545a5cd-7f7a-4481-9b11-5b28bee710cf	071a45ff-6ede-4b83-bb74-730fb6da4032	Dieciseisavos (Ida)	13	ba0e8c02-3af4-4e96-a94d-9ad6c021cc6d	\N	\N	\N	\N	\N	f	2026-02-12 12:53:00+00	2026-02-19 12:53:00+00
0b89c7d2-507a-4898-810e-876c8b0c4239	071a45ff-6ede-4b83-bb74-730fb6da4032	Dieciseisavos (Ida)	14	e5500dc2-90db-4a88-88af-482645d185be	\N	\N	\N	\N	\N	f	2026-02-12 12:53:00+00	2026-02-19 12:53:00+00
cd29ffc0-1ce5-4398-b153-8d67e9b1c383	071a45ff-6ede-4b83-bb74-730fb6da4032	Dieciseisavos (Ida)	15	3c68098c-1259-465a-b073-6626f755878f	\N	\N	\N	\N	\N	f	2026-02-12 12:53:00+00	2026-02-19 12:53:00+00
763cf21f-d489-4ed0-a02e-400bcaafb2a3	071a45ff-6ede-4b83-bb74-730fb6da4032	Octavos (Ida)	0	\N	\N	\N	\N	\N	\N	f	2026-02-26 13:54:00+00	2026-03-05 13:54:00+00
184317ae-809c-41ac-8a70-224686284753	071a45ff-6ede-4b83-bb74-730fb6da4032	Octavos (Vuelta)	0	\N	\N	\N	\N	\N	\N	f	2026-03-05 13:55:00+00	2026-03-12 13:55:00+00
746f3260-1f38-4fdc-9bee-35c438de8ab0	071a45ff-6ede-4b83-bb74-730fb6da4032	Octavos (Vuelta)	3	f2b09d4c-5681-4253-90cf-8f495beeeaf6	99894767-0097-40f8-9fca-14f4b3cf71a9	\N	\N	\N	\N	f	2026-03-05 13:55:00+00	2026-03-12 13:55:00+00
ca8b1e96-5170-49af-8f99-76c4a3ce7880	071a45ff-6ede-4b83-bb74-730fb6da4032	Octavos (Ida)	4	7924ec05-9234-4b4c-b603-684b6a1b9281	fd25b712-7f86-4f89-bd86-1d8598a6ec1f	\N	\N	\N	\N	f	2026-02-26 13:54:00+00	2026-03-05 13:54:00+00
4162cf47-3d31-4a1b-8050-16b7fcfecd3f	071a45ff-6ede-4b83-bb74-730fb6da4032	Octavos (Vuelta)	4	7924ec05-9234-4b4c-b603-684b6a1b9281	fd25b712-7f86-4f89-bd86-1d8598a6ec1f	\N	\N	\N	\N	f	2026-03-05 13:55:00+00	2026-03-12 13:55:00+00
3eef61b7-d4ee-4155-833e-f35040054f5e	59dd2d5e-6725-4531-9417-6abe49ccbf4c	Final	0	\N	\N	\N	\N	\N	\N	f	2026-03-19 15:24:00+00	2026-03-26 15:24:00+00
edbd84eb-bd2f-4b1b-a553-ce65024608c5	59dd2d5e-6725-4531-9417-6abe49ccbf4c	Octavos (Vuelta)	7	fd25b712-7f86-4f89-bd86-1d8598a6ec1f	817f334f-f30e-414b-ba4a-d1021a789631	1	3	\N	\N	t	2026-02-19 12:23:00+00	2026-02-26 12:23:00+00
aff3c623-f140-49c7-a70a-c8d1eba57137	59dd2d5e-6725-4531-9417-6abe49ccbf4c	Cuartos (Ida)	3	96bbeaee-35b6-4fc2-ac4a-35aa20c0fca0	817f334f-f30e-414b-ba4a-d1021a789631	2	1	\N	\N	t	2026-02-26 13:23:00+00	2026-03-05 13:23:00+00
c356f3da-2fcd-4be4-b840-d43e014b7b52	59dd2d5e-6725-4531-9417-6abe49ccbf4c	Octavos (Vuelta)	4	f2b09d4c-5681-4253-90cf-8f495beeeaf6	c3047c54-a5b6-4308-902b-00acb9780ee9	1	0	\N	\N	t	2026-02-19 12:23:00+00	2026-02-26 12:23:00+00
eb44c6a5-fadc-4968-b7dd-1f16e64f6b2b	59dd2d5e-6725-4531-9417-6abe49ccbf4c	Cuartos (Ida)	0	e5500dc2-90db-4a88-88af-482645d185be	22afa7c4-8a0e-433c-aa5e-8f7d2722c8cb	1	1	\N	\N	t	2026-02-26 13:23:00+00	2026-03-05 13:23:00+00
4dbf282d-049a-4ab8-8cd3-6ef4bd175086	59dd2d5e-6725-4531-9417-6abe49ccbf4c	Octavos (Ida)	5	c9604bcf-9dd7-445a-9036-92e3013141e5	99894767-0097-40f8-9fca-14f4b3cf71a9	3	3	\N	\N	t	2026-02-12 12:22:00+00	2026-02-19 12:22:00+00
88511bff-6bdb-491a-8096-d4ded24b4093	59dd2d5e-6725-4531-9417-6abe49ccbf4c	Cuartos (Vuelta)	0	e5500dc2-90db-4a88-88af-482645d185be	22afa7c4-8a0e-433c-aa5e-8f7d2722c8cb	2	1	\N	\N	t	2026-03-05 13:24:00+00	2026-03-12 13:24:00+00
ae12c387-15d3-4466-8d46-7d4191a7ee3f	59dd2d5e-6725-4531-9417-6abe49ccbf4c	Octavos (Vuelta)	5	99894767-0097-40f8-9fca-14f4b3cf71a9	c9604bcf-9dd7-445a-9036-92e3013141e5	1	2	\N	\N	t	2026-02-19 12:23:00+00	2026-02-26 12:23:00+00
2ff6bb6a-4a6c-4dd5-a158-b178eaeba3f0	59dd2d5e-6725-4531-9417-6abe49ccbf4c	Cuartos (Vuelta)	3	96bbeaee-35b6-4fc2-ac4a-35aa20c0fca0	817f334f-f30e-414b-ba4a-d1021a789631	1	1	\N	\N	t	2026-03-05 13:24:00+00	2026-03-12 13:24:00+00
da250a7d-aeca-4e3e-bd8d-94e516cbf868	59dd2d5e-6725-4531-9417-6abe49ccbf4c	Semifinales	1	f2b09d4c-5681-4253-90cf-8f495beeeaf6	96bbeaee-35b6-4fc2-ac4a-35aa20c0fca0	\N	\N	\N	\N	f	2026-03-12 14:24:00+00	2026-03-19 14:24:00+00
e72390a9-6ede-4e8a-9cb4-b0f7b0f10263	59dd2d5e-6725-4531-9417-6abe49ccbf4c	Cuartos (Ida)	1	dbfb93bc-f483-4466-893b-81dd55986472	ba0e8c02-3af4-4e96-a94d-9ad6c021cc6d	2	1	\N	\N	t	2026-02-26 13:23:00+00	2026-03-05 13:23:00+00
6452d087-9ce6-4b9d-b4ad-b94b2d2242bb	59dd2d5e-6725-4531-9417-6abe49ccbf4c	Octavos (Ida)	6	96bbeaee-35b6-4fc2-ac4a-35aa20c0fca0	5a8e4ebe-a3d5-4217-a0e9-415048f13e54	4	1	\N	\N	t	2026-02-12 12:22:00+00	2026-02-19 12:22:00+00
471b80e9-af1b-4b0a-b81f-69ba95afbbf3	071a45ff-6ede-4b83-bb74-730fb6da4032	Cuartos	0	\N	\N	\N	\N	\N	\N	f	2026-03-12 14:55:00+00	2026-03-19 14:55:00+00
e19a03cf-7e73-4d9a-a619-0eace94cbf96	071a45ff-6ede-4b83-bb74-730fb6da4032	Cuartos	1	\N	\N	\N	\N	\N	\N	f	2026-03-12 14:55:00+00	2026-03-19 14:55:00+00
3b51360d-6ac8-48a0-b0c1-6bb4b53ff911	071a45ff-6ede-4b83-bb74-730fb6da4032	Cuartos	2	\N	\N	\N	\N	\N	\N	f	2026-03-12 14:55:00+00	2026-03-19 14:55:00+00
b99a8e84-1a1f-442a-a6ca-a29c801bb23d	59dd2d5e-6725-4531-9417-6abe49ccbf4c	Octavos (Vuelta)	6	5a8e4ebe-a3d5-4217-a0e9-415048f13e54	96bbeaee-35b6-4fc2-ac4a-35aa20c0fca0	2	1	\N	\N	t	2026-02-19 12:23:00+00	2026-02-26 12:23:00+00
62f33707-59b9-4f2c-a0ca-e09874da92a5	071a45ff-6ede-4b83-bb74-730fb6da4032	Cuartos	3	\N	\N	\N	\N	\N	\N	f	2026-03-12 14:55:00+00	2026-03-19 14:55:00+00
f1c954ef-2c05-4214-9709-2d57cf1cff18	071a45ff-6ede-4b83-bb74-730fb6da4032	Semifinales	0	\N	\N	\N	\N	\N	\N	f	2026-03-19 15:55:00+00	2026-03-26 15:55:00+00
b9d8ff12-9f15-4360-ab19-18482dda46d9	071a45ff-6ede-4b83-bb74-730fb6da4032	Semifinales	1	\N	\N	\N	\N	\N	\N	f	2026-03-19 15:55:00+00	2026-03-26 15:55:00+00
4b3f6490-6377-4631-a1a1-ef2ef26f9d10	59dd2d5e-6725-4531-9417-6abe49ccbf4c	Cuartos (Vuelta)	1	dbfb93bc-f483-4466-893b-81dd55986472	ba0e8c02-3af4-4e96-a94d-9ad6c021cc6d	1	1	\N	\N	t	2026-03-05 13:24:00+00	2026-03-12 13:24:00+00
ac068af9-38fb-4ed7-8dfc-c81f92aaf048	59dd2d5e-6725-4531-9417-6abe49ccbf4c	Semifinales	0	22afa7c4-8a0e-433c-aa5e-8f7d2722c8cb	dbfb93bc-f483-4466-893b-81dd55986472	\N	\N	\N	\N	f	2026-03-12 14:24:00+00	2026-03-19 14:24:00+00
5e96a6ac-9a4d-4056-bd60-fad63864c7d1	071a45ff-6ede-4b83-bb74-730fb6da4032	Final	0	\N	\N	\N	\N	\N	\N	f	2026-03-26 16:55:00+00	2026-04-02 15:55:00+00
800d764d-348d-43c8-a483-c96d8a8976bb	59dd2d5e-6725-4531-9417-6abe49ccbf4c	Octavos (Ida)	7	817f334f-f30e-414b-ba4a-d1021a789631	fd25b712-7f86-4f89-bd86-1d8598a6ec1f	2	2	\N	\N	t	2026-02-12 12:22:00+00	2026-02-19 12:22:00+00
57e4d811-1718-45bd-846d-1ba352249121	071a45ff-6ede-4b83-bb74-730fb6da4032	Octavos (Ida)	6	dc14edbc-12ab-4598-aee0-ebe96aae05ae	ba0e8c02-3af4-4e96-a94d-9ad6c021cc6d	\N	\N	\N	\N	f	2026-02-26 13:54:00+00	2026-03-05 13:54:00+00
58e43a80-a4dc-4150-9cfc-216cbf616288	59dd2d5e-6725-4531-9417-6abe49ccbf4c	Cuartos (Ida)	2	f2b09d4c-5681-4253-90cf-8f495beeeaf6	c9604bcf-9dd7-445a-9036-92e3013141e5	1	0	\N	\N	t	2026-02-26 13:23:00+00	2026-03-05 13:23:00+00
ca9dae9d-6417-4233-9587-72ad2c088968	071a45ff-6ede-4b83-bb74-730fb6da4032	Octavos (Vuelta)	6	dc14edbc-12ab-4598-aee0-ebe96aae05ae	ba0e8c02-3af4-4e96-a94d-9ad6c021cc6d	\N	\N	\N	\N	f	2026-03-05 13:55:00+00	2026-03-12 13:55:00+00
74cb4fcf-5b48-4369-a0fa-5e1be17be442	071a45ff-6ede-4b83-bb74-730fb6da4032	Octavos (Ida)	7	e5500dc2-90db-4a88-88af-482645d185be	3c68098c-1259-465a-b073-6626f755878f	\N	\N	\N	\N	f	2026-02-26 13:54:00+00	2026-03-05 13:54:00+00
2e370e80-5a86-4927-b404-8fefbd60d241	071a45ff-6ede-4b83-bb74-730fb6da4032	Octavos (Vuelta)	7	e5500dc2-90db-4a88-88af-482645d185be	3c68098c-1259-465a-b073-6626f755878f	\N	\N	\N	\N	f	2026-03-05 13:55:00+00	2026-03-12 13:55:00+00
a072c553-cfbe-4539-8e90-98f01e5d8747	59dd2d5e-6725-4531-9417-6abe49ccbf4c	Cuartos (Vuelta)	2	f2b09d4c-5681-4253-90cf-8f495beeeaf6	c9604bcf-9dd7-445a-9036-92e3013141e5	1	1	\N	\N	t	2026-03-05 13:24:00+00	2026-03-12 13:24:00+00
\.


--
-- Data for Name: playoffs; Type: TABLE DATA; Schema: public; Owner: postgres
--

COPY public.playoffs (id, created_at, name, season, is_active, settings, current_round) FROM stdin;
59dd2d5e-6725-4531-9417-6abe49ccbf4c	2026-02-12 13:21:47.000798+00	aaaa	1	t	{"Final": false, "Cuartos": true, "Octavos": true, "Semifinales": false}	Octavos (Ida)
e7882ba6-d87f-4753-9660-cdcdcea4932d	2026-02-12 13:35:56.184091+00	Champions	1	t	{"Final": false, "Cuartos": true, "Semifinales": false}	Cuartos (Ida)
071a45ff-6ede-4b83-bb74-730fb6da4032	2026-02-12 13:52:57.854203+00	32	1	t	{"Final": false, "Cuartos": false, "Octavos": true, "Semifinales": false, "Dieciseisavos": true}	Dieciseisavos (Ida)
\.


--
-- Data for Name: profiles; Type: TABLE DATA; Schema: public; Owner: postgres
--

COPY public.profiles (id, nick, email, avatar_url, is_confirmed, created_at, telegram_user, phone, is_admin) FROM stdin;
13d9a5fc-0160-4643-9a0f-915ab813ac83	test1	test1@test.com	\N	f	2026-02-10 11:59:09.750045+00	\N	\N	f
ba0e8c02-3af4-4e96-a94d-9ad6c021cc6d	test2	test2@test.com	\N	f	2026-02-10 11:59:22.280051+00	\N	\N	f
e5500dc2-90db-4a88-88af-482645d185be	test3	test3@test.com	\N	f	2026-02-10 11:59:36.829677+00	\N	\N	f
22afa7c4-8a0e-433c-aa5e-8f7d2722c8cb	test4	test4@test.com	\N	f	2026-02-10 12:10:22.846273+00	\N	\N	f
fd25b712-7f86-4f89-bd86-1d8598a6ec1f	test5	test5@test.com	\N	f	2026-02-10 12:10:46.989677+00	\N	\N	f
dbfb93bc-f483-4466-893b-81dd55986472	test6	test6@test.com	\N	f	2026-02-10 12:11:04.838348+00	test6	\N	f
fe5395cc-dd9f-4e81-a0cf-4aa03ddf351e	test7	test7@test.com	\N	f	2026-02-10 12:11:24.291612+00	test7	\N	f
96bbeaee-35b6-4fc2-ac4a-35aa20c0fca0	test8	test8@test.com	\N	f	2026-02-10 12:11:50.84144+00	test8	+34658987654	f
99776c38-c92c-4133-bd2d-acfb06e76d26	test9	test9@test.com	\N	f	2026-02-10 12:12:18.676067+00	test9	+34654789654	f
c3047c54-a5b6-4308-902b-00acb9780ee9	test10	test10@test.com	\N	f	2026-02-10 12:12:41.15006+00	test10	+34654789234	f
c9604bcf-9dd7-445a-9036-92e3013141e5	test11	test11@test.com	\N	f	2026-02-10 12:12:56.789762+00	test11	\N	f
817f334f-f30e-414b-ba4a-d1021a789631	test13	test13@test.com	\N	f	2026-02-10 13:55:12.32689+00	test13	\N	f
99894767-0097-40f8-9fca-14f4b3cf71a9	test14	test14@gmail.com	\N	f	2026-02-10 14:00:25.713372+00	\N	\N	f
7924ec05-9234-4b4c-b603-684b6a1b9281	test15	jhortolano+1@gmail.com	\N	f	2026-02-10 14:06:45.127764+00	\N	\N	f
5a8e4ebe-a3d5-4217-a0e9-415048f13e54	test16	jhortolano+2@gmail.com	\N	f	2026-02-10 14:08:40.242802+00	\N	\N	f
dc14edbc-12ab-4598-aee0-ebe96aae05ae	jhortolano+3	jhortolano+3@gmail.com	\N	f	2026-02-10 14:09:29.34045+00	\N	\N	f
f2b09d4c-5681-4253-90cf-8f495beeeaf6	test18	jhortolano+4@gmail.com	\N	f	2026-02-10 14:36:10.039284+00	\N	\N	f
3c68098c-1259-465a-b073-6626f755878f	horto	jhortolano@gmail.com	https://nkecyqwcrsicsyladdhw.supabase.co/storage/v1/object/public/avatars/avatars/3c68098c-1259-465a-b073-6626f755878f.webp?t=1770738569048	f	2026-02-10 11:58:46.586459+00			t
\.


--
-- Data for Name: weeks_schedule; Type: TABLE DATA; Schema: public; Owner: postgres
--

COPY public.weeks_schedule (id, season, week, start_at, end_at, is_linked) FROM stdin;
7	1	1	2026-02-10 16:00:00+00	2026-02-17 16:00:00+00	f
8	1	2	2026-02-10 16:00:00+00	2026-02-17 16:00:00+00	t
9	1	3	2026-02-17 16:00:00+00	2026-02-24 16:00:00+00	f
10	1	4	2026-02-17 16:00:00+00	2026-02-24 16:00:00+00	t
11	1	5	2026-02-24 16:00:00+00	2026-03-03 16:00:00+00	f
12	1	6	2026-02-24 16:00:00+00	2026-03-03 16:00:00+00	t
15	2	1	2026-02-10 16:00:00+00	2026-02-17 16:00:00+00	f
16	2	2	2026-02-17 16:00:00+00	2026-02-24 16:00:00+00	f
17	2	3	2026-02-24 16:00:00+00	2026-03-03 16:00:00+00	f
18	2	4	2026-03-03 16:00:00+00	2026-03-10 16:00:00+00	f
19	2	5	2026-03-10 16:00:00+00	2026-03-17 16:00:00+00	f
\.


--
-- Data for Name: schema_migrations; Type: TABLE DATA; Schema: realtime; Owner: supabase_admin
--

COPY realtime.schema_migrations (version, inserted_at) FROM stdin;
20211116024918	2026-02-03 13:49:47
20211116045059	2026-02-03 13:49:47
20211116050929	2026-02-03 13:49:47
20211116051442	2026-02-03 13:49:47
20211116212300	2026-02-03 13:49:47
20211116213355	2026-02-03 13:49:48
20211116213934	2026-02-03 13:49:48
20211116214523	2026-02-03 13:49:48
20211122062447	2026-02-03 13:49:48
20211124070109	2026-02-03 13:49:48
20211202204204	2026-02-03 13:49:48
20211202204605	2026-02-03 13:49:48
20211210212804	2026-02-03 13:49:48
20211228014915	2026-02-03 13:49:48
20220107221237	2026-02-03 13:49:48
20220228202821	2026-02-03 13:49:48
20220312004840	2026-02-03 13:49:48
20220603231003	2026-02-03 13:49:48
20220603232444	2026-02-03 13:49:48
20220615214548	2026-02-03 13:49:48
20220712093339	2026-02-03 13:49:48
20220908172859	2026-02-03 13:49:48
20220916233421	2026-02-03 13:49:48
20230119133233	2026-02-03 13:49:48
20230128025114	2026-02-03 13:49:48
20230128025212	2026-02-03 13:49:48
20230227211149	2026-02-03 13:49:48
20230228184745	2026-02-03 13:49:48
20230308225145	2026-02-03 13:49:48
20230328144023	2026-02-03 13:49:48
20231018144023	2026-02-03 13:49:48
20231204144023	2026-02-03 13:49:48
20231204144024	2026-02-03 13:49:48
20231204144025	2026-02-03 13:49:48
20240108234812	2026-02-03 13:49:48
20240109165339	2026-02-03 13:49:48
20240227174441	2026-02-03 13:49:48
20240311171622	2026-02-03 13:49:48
20240321100241	2026-02-03 13:49:48
20240401105812	2026-02-03 13:49:48
20240418121054	2026-02-03 13:49:48
20240523004032	2026-02-03 13:49:48
20240618124746	2026-02-03 13:49:48
20240801235015	2026-02-03 13:49:48
20240805133720	2026-02-03 13:49:48
20240827160934	2026-02-03 13:49:48
20240919163303	2026-02-03 13:49:48
20240919163305	2026-02-03 13:49:48
20241019105805	2026-02-03 13:49:48
20241030150047	2026-02-03 13:58:41
20241108114728	2026-02-03 13:58:41
20241121104152	2026-02-03 13:58:41
20241130184212	2026-02-03 13:58:41
20241220035512	2026-02-03 13:58:41
20241220123912	2026-02-03 13:58:41
20241224161212	2026-02-03 13:58:41
20250107150512	2026-02-03 13:58:41
20250110162412	2026-02-03 13:58:41
20250123174212	2026-02-03 13:58:41
20250128220012	2026-02-03 13:58:41
20250506224012	2026-02-03 13:58:41
20250523164012	2026-02-03 13:58:41
20250714121412	2026-02-03 13:58:41
20250905041441	2026-02-03 13:58:41
20251103001201	2026-02-03 13:58:41
20251120212548	2026-02-09 16:16:15
20251120215549	2026-02-09 16:16:15
\.


--
-- Data for Name: subscription; Type: TABLE DATA; Schema: realtime; Owner: supabase_admin
--

COPY realtime.subscription (id, subscription_id, entity, filters, claims, created_at, action_filter) FROM stdin;
\.


--
-- Data for Name: buckets; Type: TABLE DATA; Schema: storage; Owner: supabase_storage_admin
--

COPY storage.buckets (id, name, owner, created_at, updated_at, public, avif_autodetection, file_size_limit, allowed_mime_types, owner_id, type) FROM stdin;
avatars	avatars	\N	2026-02-04 13:50:38.631077+00	2026-02-04 13:50:38.631077+00	t	f	\N	\N	\N	STANDARD
\.


--
-- Data for Name: buckets_analytics; Type: TABLE DATA; Schema: storage; Owner: supabase_storage_admin
--

COPY storage.buckets_analytics (name, type, format, created_at, updated_at, id, deleted_at) FROM stdin;
\.


--
-- Data for Name: buckets_vectors; Type: TABLE DATA; Schema: storage; Owner: supabase_storage_admin
--

COPY storage.buckets_vectors (id, type, created_at, updated_at) FROM stdin;
\.


--
-- Data for Name: migrations; Type: TABLE DATA; Schema: storage; Owner: supabase_storage_admin
--

COPY storage.migrations (id, name, hash, executed_at) FROM stdin;
0	create-migrations-table	e18db593bcde2aca2a408c4d1100f6abba2195df	2026-02-03 13:50:28.660942
1	initialmigration	6ab16121fbaa08bbd11b712d05f358f9b555d777	2026-02-03 13:50:28.673158
3	pathtoken-column	2cb1b0004b817b29d5b0a971af16bafeede4b70d	2026-02-03 13:50:28.701348
4	add-migrations-rls	427c5b63fe1c5937495d9c635c263ee7a5905058	2026-02-03 13:50:28.724311
5	add-size-functions	79e081a1455b63666c1294a440f8ad4b1e6a7f84	2026-02-03 13:50:28.728314
7	add-rls-to-buckets	e7e7f86adbc51049f341dfe8d30256c1abca17aa	2026-02-03 13:50:28.737419
8	add-public-to-buckets	fd670db39ed65f9d08b01db09d6202503ca2bab3	2026-02-03 13:50:28.741713
11	add-trigger-to-auto-update-updated_at-column	7425bdb14366d1739fa8a18c83100636d74dcaa2	2026-02-03 13:50:28.755408
12	add-automatic-avif-detection-flag	8e92e1266eb29518b6a4c5313ab8f29dd0d08df9	2026-02-03 13:50:28.759865
13	add-bucket-custom-limits	cce962054138135cd9a8c4bcd531598684b25e7d	2026-02-03 13:50:28.764002
14	use-bytes-for-max-size	941c41b346f9802b411f06f30e972ad4744dad27	2026-02-03 13:50:28.768635
15	add-can-insert-object-function	934146bc38ead475f4ef4b555c524ee5d66799e5	2026-02-03 13:50:28.787604
16	add-version	76debf38d3fd07dcfc747ca49096457d95b1221b	2026-02-03 13:50:28.791789
17	drop-owner-foreign-key	f1cbb288f1b7a4c1eb8c38504b80ae2a0153d101	2026-02-03 13:50:28.795781
18	add_owner_id_column_deprecate_owner	e7a511b379110b08e2f214be852c35414749fe66	2026-02-03 13:50:28.799697
19	alter-default-value-objects-id	02e5e22a78626187e00d173dc45f58fa66a4f043	2026-02-03 13:50:28.804569
20	list-objects-with-delimiter	cd694ae708e51ba82bf012bba00caf4f3b6393b7	2026-02-03 13:50:28.808776
21	s3-multipart-uploads	8c804d4a566c40cd1e4cc5b3725a664a9303657f	2026-02-03 13:50:28.81421
22	s3-multipart-uploads-big-ints	9737dc258d2397953c9953d9b86920b8be0cdb73	2026-02-03 13:50:28.825941
23	optimize-search-function	9d7e604cddc4b56a5422dc68c9313f4a1b6f132c	2026-02-03 13:50:28.834785
24	operation-function	8312e37c2bf9e76bbe841aa5fda889206d2bf8aa	2026-02-03 13:50:28.839044
25	custom-metadata	d974c6057c3db1c1f847afa0e291e6165693b990	2026-02-03 13:50:28.843253
37	add-bucket-name-length-trigger	3944135b4e3e8b22d6d4cbb568fe3b0b51df15c1	2026-02-03 13:50:28.912179
44	vector-bucket-type	99c20c0ffd52bb1ff1f32fb992f3b351e3ef8fb3	2026-02-03 13:50:28.957883
45	vector-buckets	049e27196d77a7cb76497a85afae669d8b230953	2026-02-03 13:50:28.962403
46	buckets-objects-grants	fedeb96d60fefd8e02ab3ded9fbde05632f84aed	2026-02-03 13:50:28.974685
47	iceberg-table-metadata	649df56855c24d8b36dd4cc1aeb8251aa9ad42c2	2026-02-03 13:50:28.979269
49	buckets-objects-grants-postgres	072b1195d0d5a2f888af6b2302a1938dd94b8b3d	2026-02-03 13:50:28.999879
2	storage-schema	f6a1fa2c93cbcd16d4e487b362e45fca157a8dbd	2026-02-03 13:50:28.677505
6	change-column-name-in-get-size	ded78e2f1b5d7e616117897e6443a925965b30d2	2026-02-03 13:50:28.733024
9	fix-search-function	af597a1b590c70519b464a4ab3be54490712796b	2026-02-03 13:50:28.746072
10	search-files-search-function	b595f05e92f7e91211af1bbfe9c6a13bb3391e16	2026-02-03 13:50:28.750819
26	objects-prefixes	215cabcb7f78121892a5a2037a09fedf9a1ae322	2026-02-03 13:50:28.847508
27	search-v2	859ba38092ac96eb3964d83bf53ccc0b141663a6	2026-02-03 13:50:28.857898
28	object-bucket-name-sorting	c73a2b5b5d4041e39705814fd3a1b95502d38ce4	2026-02-03 13:50:28.866426
29	create-prefixes	ad2c1207f76703d11a9f9007f821620017a66c21	2026-02-03 13:50:28.870681
30	update-object-levels	2be814ff05c8252fdfdc7cfb4b7f5c7e17f0bed6	2026-02-03 13:50:28.875029
31	objects-level-index	b40367c14c3440ec75f19bbce2d71e914ddd3da0	2026-02-03 13:50:28.881284
32	backward-compatible-index-on-objects	e0c37182b0f7aee3efd823298fb3c76f1042c0f7	2026-02-03 13:50:28.887576
33	backward-compatible-index-on-prefixes	b480e99ed951e0900f033ec4eb34b5bdcb4e3d49	2026-02-03 13:50:28.894043
34	optimize-search-function-v1	ca80a3dc7bfef894df17108785ce29a7fc8ee456	2026-02-03 13:50:28.895804
35	add-insert-trigger-prefixes	458fe0ffd07ec53f5e3ce9df51bfdf4861929ccc	2026-02-03 13:50:28.901781
36	optimise-existing-functions	6ae5fca6af5c55abe95369cd4f93985d1814ca8f	2026-02-03 13:50:28.905817
38	iceberg-catalog-flag-on-buckets	02716b81ceec9705aed84aa1501657095b32e5c5	2026-02-03 13:50:28.916918
39	add-search-v2-sort-support	6706c5f2928846abee18461279799ad12b279b78	2026-02-03 13:50:28.925447
40	fix-prefix-race-conditions-optimized	7ad69982ae2d372b21f48fc4829ae9752c518f6b	2026-02-03 13:50:28.931259
41	add-object-level-update-trigger	07fcf1a22165849b7a029deed059ffcde08d1ae0	2026-02-03 13:50:28.940047
42	rollback-prefix-triggers	771479077764adc09e2ea2043eb627503c034cd4	2026-02-03 13:50:28.945348
43	fix-object-level	84b35d6caca9d937478ad8a797491f38b8c2979f	2026-02-03 13:50:28.953441
48	iceberg-catalog-ids	e0e8b460c609b9999ccd0df9ad14294613eed939	2026-02-03 13:50:28.983549
50	search-v2-optimised	6323ac4f850aa14e7387eb32102869578b5bd478	2026-02-10 11:16:17.272132
51	index-backward-compatible-search	2ee395d433f76e38bcd3856debaf6e0e5b674011	2026-02-10 11:16:17.309776
52	drop-not-used-indexes-and-functions	5cc44c8696749ac11dd0dc37f2a3802075f3a171	2026-02-10 11:16:17.310741
53	drop-index-lower-name	d0cb18777d9e2a98ebe0bc5cc7a42e57ebe41854	2026-02-10 11:16:17.364982
54	drop-index-object-level	6289e048b1472da17c31a7eba1ded625a6457e67	2026-02-10 11:16:17.366568
55	prevent-direct-deletes	262a4798d5e0f2e7c8970232e03ce8be695d5819	2026-02-10 11:16:17.367555
56	fix-optimized-search-function	cb58526ebc23048049fd5bf2fd148d18b04a2073	2026-02-10 11:16:17.371877
\.


--
-- Data for Name: objects; Type: TABLE DATA; Schema: storage; Owner: supabase_storage_admin
--

COPY storage.objects (id, bucket_id, name, owner, created_at, updated_at, last_accessed_at, metadata, version, owner_id, user_metadata) FROM stdin;
961af7af-6af7-408a-bdd9-ba469586033f	avatars	avatars/.emptyFolderPlaceholder	\N	2026-02-04 14:02:59.284741+00	2026-02-04 14:02:59.284741+00	2026-02-04 14:02:59.284741+00	{"eTag": "\\"d41d8cd98f00b204e9800998ecf8427e\\"", "size": 0, "mimetype": "application/octet-stream", "cacheControl": "max-age=3600", "lastModified": "2026-02-04T14:02:59.283Z", "contentLength": 0, "httpStatusCode": 200}	c4c54646-e8b1-4180-bd45-5d7db3131e2e	\N	{}
2d04c402-841f-4948-b82c-5eda5f2d6c92	avatars	avatars/3c68098c-1259-465a-b073-6626f755878f.webp	3c68098c-1259-465a-b073-6626f755878f	2026-02-10 15:49:28.959102+00	2026-02-10 15:49:28.959102+00	2026-02-10 15:49:28.959102+00	{"eTag": "\\"a91c452f07ad7e0e5ba9d86ecf6f18ee\\"", "size": 49473, "mimetype": "image/png", "cacheControl": "max-age=3600", "lastModified": "2026-02-10T15:49:29.000Z", "contentLength": 49473, "httpStatusCode": 200}	3a47a6cb-3a1a-492a-88d1-f9d7544291f6	3c68098c-1259-465a-b073-6626f755878f	{}
\.


--
-- Data for Name: s3_multipart_uploads; Type: TABLE DATA; Schema: storage; Owner: supabase_storage_admin
--

COPY storage.s3_multipart_uploads (id, in_progress_size, upload_signature, bucket_id, key, version, owner_id, created_at, user_metadata) FROM stdin;
\.


--
-- Data for Name: s3_multipart_uploads_parts; Type: TABLE DATA; Schema: storage; Owner: supabase_storage_admin
--

COPY storage.s3_multipart_uploads_parts (id, upload_id, size, part_number, bucket_id, key, etag, owner_id, version, created_at) FROM stdin;
\.


--
-- Data for Name: vector_indexes; Type: TABLE DATA; Schema: storage; Owner: supabase_storage_admin
--

COPY storage.vector_indexes (id, name, bucket_id, data_type, dimension, distance_metric, metadata_configuration, created_at, updated_at) FROM stdin;
\.


--
-- Data for Name: secrets; Type: TABLE DATA; Schema: vault; Owner: supabase_admin
--

COPY vault.secrets (id, name, description, secret, key_id, nonce, created_at, updated_at) FROM stdin;
\.


--
-- Name: refresh_tokens_id_seq; Type: SEQUENCE SET; Schema: auth; Owner: supabase_auth_admin
--

SELECT pg_catalog.setval('auth.refresh_tokens_id_seq', 177, true);


--
-- Name: config_id_seq; Type: SEQUENCE SET; Schema: public; Owner: postgres
--

SELECT pg_catalog.setval('public.config_id_seq', 1, false);


--
-- Name: matches_id_seq; Type: SEQUENCE SET; Schema: public; Owner: postgres
--

SELECT pg_catalog.setval('public.matches_id_seq', 95, true);


--
-- Name: weeks_schedule_id_seq; Type: SEQUENCE SET; Schema: public; Owner: postgres
--

SELECT pg_catalog.setval('public.weeks_schedule_id_seq', 19, true);


--
-- Name: subscription_id_seq; Type: SEQUENCE SET; Schema: realtime; Owner: supabase_admin
--

SELECT pg_catalog.setval('realtime.subscription_id_seq', 1, false);


--
-- Name: mfa_amr_claims amr_id_pk; Type: CONSTRAINT; Schema: auth; Owner: supabase_auth_admin
--

ALTER TABLE ONLY auth.mfa_amr_claims
    ADD CONSTRAINT amr_id_pk PRIMARY KEY (id);


--
-- Name: audit_log_entries audit_log_entries_pkey; Type: CONSTRAINT; Schema: auth; Owner: supabase_auth_admin
--

ALTER TABLE ONLY auth.audit_log_entries
    ADD CONSTRAINT audit_log_entries_pkey PRIMARY KEY (id);


--
-- Name: flow_state flow_state_pkey; Type: CONSTRAINT; Schema: auth; Owner: supabase_auth_admin
--

ALTER TABLE ONLY auth.flow_state
    ADD CONSTRAINT flow_state_pkey PRIMARY KEY (id);


--
-- Name: identities identities_pkey; Type: CONSTRAINT; Schema: auth; Owner: supabase_auth_admin
--

ALTER TABLE ONLY auth.identities
    ADD CONSTRAINT identities_pkey PRIMARY KEY (id);


--
-- Name: identities identities_provider_id_provider_unique; Type: CONSTRAINT; Schema: auth; Owner: supabase_auth_admin
--

ALTER TABLE ONLY auth.identities
    ADD CONSTRAINT identities_provider_id_provider_unique UNIQUE (provider_id, provider);


--
-- Name: instances instances_pkey; Type: CONSTRAINT; Schema: auth; Owner: supabase_auth_admin
--

ALTER TABLE ONLY auth.instances
    ADD CONSTRAINT instances_pkey PRIMARY KEY (id);


--
-- Name: mfa_amr_claims mfa_amr_claims_session_id_authentication_method_pkey; Type: CONSTRAINT; Schema: auth; Owner: supabase_auth_admin
--

ALTER TABLE ONLY auth.mfa_amr_claims
    ADD CONSTRAINT mfa_amr_claims_session_id_authentication_method_pkey UNIQUE (session_id, authentication_method);


--
-- Name: mfa_challenges mfa_challenges_pkey; Type: CONSTRAINT; Schema: auth; Owner: supabase_auth_admin
--

ALTER TABLE ONLY auth.mfa_challenges
    ADD CONSTRAINT mfa_challenges_pkey PRIMARY KEY (id);


--
-- Name: mfa_factors mfa_factors_last_challenged_at_key; Type: CONSTRAINT; Schema: auth; Owner: supabase_auth_admin
--

ALTER TABLE ONLY auth.mfa_factors
    ADD CONSTRAINT mfa_factors_last_challenged_at_key UNIQUE (last_challenged_at);


--
-- Name: mfa_factors mfa_factors_pkey; Type: CONSTRAINT; Schema: auth; Owner: supabase_auth_admin
--

ALTER TABLE ONLY auth.mfa_factors
    ADD CONSTRAINT mfa_factors_pkey PRIMARY KEY (id);


--
-- Name: oauth_authorizations oauth_authorizations_authorization_code_key; Type: CONSTRAINT; Schema: auth; Owner: supabase_auth_admin
--

ALTER TABLE ONLY auth.oauth_authorizations
    ADD CONSTRAINT oauth_authorizations_authorization_code_key UNIQUE (authorization_code);


--
-- Name: oauth_authorizations oauth_authorizations_authorization_id_key; Type: CONSTRAINT; Schema: auth; Owner: supabase_auth_admin
--

ALTER TABLE ONLY auth.oauth_authorizations
    ADD CONSTRAINT oauth_authorizations_authorization_id_key UNIQUE (authorization_id);


--
-- Name: oauth_authorizations oauth_authorizations_pkey; Type: CONSTRAINT; Schema: auth; Owner: supabase_auth_admin
--

ALTER TABLE ONLY auth.oauth_authorizations
    ADD CONSTRAINT oauth_authorizations_pkey PRIMARY KEY (id);


--
-- Name: oauth_client_states oauth_client_states_pkey; Type: CONSTRAINT; Schema: auth; Owner: supabase_auth_admin
--

ALTER TABLE ONLY auth.oauth_client_states
    ADD CONSTRAINT oauth_client_states_pkey PRIMARY KEY (id);


--
-- Name: oauth_clients oauth_clients_pkey; Type: CONSTRAINT; Schema: auth; Owner: supabase_auth_admin
--

ALTER TABLE ONLY auth.oauth_clients
    ADD CONSTRAINT oauth_clients_pkey PRIMARY KEY (id);


--
-- Name: oauth_consents oauth_consents_pkey; Type: CONSTRAINT; Schema: auth; Owner: supabase_auth_admin
--

ALTER TABLE ONLY auth.oauth_consents
    ADD CONSTRAINT oauth_consents_pkey PRIMARY KEY (id);


--
-- Name: oauth_consents oauth_consents_user_client_unique; Type: CONSTRAINT; Schema: auth; Owner: supabase_auth_admin
--

ALTER TABLE ONLY auth.oauth_consents
    ADD CONSTRAINT oauth_consents_user_client_unique UNIQUE (user_id, client_id);


--
-- Name: one_time_tokens one_time_tokens_pkey; Type: CONSTRAINT; Schema: auth; Owner: supabase_auth_admin
--

ALTER TABLE ONLY auth.one_time_tokens
    ADD CONSTRAINT one_time_tokens_pkey PRIMARY KEY (id);


--
-- Name: refresh_tokens refresh_tokens_pkey; Type: CONSTRAINT; Schema: auth; Owner: supabase_auth_admin
--

ALTER TABLE ONLY auth.refresh_tokens
    ADD CONSTRAINT refresh_tokens_pkey PRIMARY KEY (id);


--
-- Name: refresh_tokens refresh_tokens_token_unique; Type: CONSTRAINT; Schema: auth; Owner: supabase_auth_admin
--

ALTER TABLE ONLY auth.refresh_tokens
    ADD CONSTRAINT refresh_tokens_token_unique UNIQUE (token);


--
-- Name: saml_providers saml_providers_entity_id_key; Type: CONSTRAINT; Schema: auth; Owner: supabase_auth_admin
--

ALTER TABLE ONLY auth.saml_providers
    ADD CONSTRAINT saml_providers_entity_id_key UNIQUE (entity_id);


--
-- Name: saml_providers saml_providers_pkey; Type: CONSTRAINT; Schema: auth; Owner: supabase_auth_admin
--

ALTER TABLE ONLY auth.saml_providers
    ADD CONSTRAINT saml_providers_pkey PRIMARY KEY (id);


--
-- Name: saml_relay_states saml_relay_states_pkey; Type: CONSTRAINT; Schema: auth; Owner: supabase_auth_admin
--

ALTER TABLE ONLY auth.saml_relay_states
    ADD CONSTRAINT saml_relay_states_pkey PRIMARY KEY (id);


--
-- Name: schema_migrations schema_migrations_pkey; Type: CONSTRAINT; Schema: auth; Owner: supabase_auth_admin
--

ALTER TABLE ONLY auth.schema_migrations
    ADD CONSTRAINT schema_migrations_pkey PRIMARY KEY (version);


--
-- Name: sessions sessions_pkey; Type: CONSTRAINT; Schema: auth; Owner: supabase_auth_admin
--

ALTER TABLE ONLY auth.sessions
    ADD CONSTRAINT sessions_pkey PRIMARY KEY (id);


--
-- Name: sso_domains sso_domains_pkey; Type: CONSTRAINT; Schema: auth; Owner: supabase_auth_admin
--

ALTER TABLE ONLY auth.sso_domains
    ADD CONSTRAINT sso_domains_pkey PRIMARY KEY (id);


--
-- Name: sso_providers sso_providers_pkey; Type: CONSTRAINT; Schema: auth; Owner: supabase_auth_admin
--

ALTER TABLE ONLY auth.sso_providers
    ADD CONSTRAINT sso_providers_pkey PRIMARY KEY (id);


--
-- Name: users users_phone_key; Type: CONSTRAINT; Schema: auth; Owner: supabase_auth_admin
--

ALTER TABLE ONLY auth.users
    ADD CONSTRAINT users_phone_key UNIQUE (phone);


--
-- Name: users users_pkey; Type: CONSTRAINT; Schema: auth; Owner: supabase_auth_admin
--

ALTER TABLE ONLY auth.users
    ADD CONSTRAINT users_pkey PRIMARY KEY (id);


--
-- Name: config config_current_season_unique; Type: CONSTRAINT; Schema: public; Owner: postgres
--

ALTER TABLE ONLY public.config
    ADD CONSTRAINT config_current_season_unique UNIQUE (current_season);


--
-- Name: config config_pkey; Type: CONSTRAINT; Schema: public; Owner: postgres
--

ALTER TABLE ONLY public.config
    ADD CONSTRAINT config_pkey PRIMARY KEY (id);


--
-- Name: matches matches_pkey; Type: CONSTRAINT; Schema: public; Owner: postgres
--

ALTER TABLE ONLY public.matches
    ADD CONSTRAINT matches_pkey PRIMARY KEY (id);


--
-- Name: playoff_matches playoff_matches_pkey; Type: CONSTRAINT; Schema: public; Owner: postgres
--

ALTER TABLE ONLY public.playoff_matches
    ADD CONSTRAINT playoff_matches_pkey PRIMARY KEY (id);


--
-- Name: playoffs playoffs_pkey; Type: CONSTRAINT; Schema: public; Owner: postgres
--

ALTER TABLE ONLY public.playoffs
    ADD CONSTRAINT playoffs_pkey PRIMARY KEY (id);


--
-- Name: profiles profiles_nick_key; Type: CONSTRAINT; Schema: public; Owner: postgres
--

ALTER TABLE ONLY public.profiles
    ADD CONSTRAINT profiles_nick_key UNIQUE (nick);


--
-- Name: profiles profiles_pkey; Type: CONSTRAINT; Schema: public; Owner: postgres
--

ALTER TABLE ONLY public.profiles
    ADD CONSTRAINT profiles_pkey PRIMARY KEY (id);


--
-- Name: playoff_matches unique_match_per_round; Type: CONSTRAINT; Schema: public; Owner: postgres
--

ALTER TABLE ONLY public.playoff_matches
    ADD CONSTRAINT unique_match_per_round UNIQUE (playoff_id, round, match_order);


--
-- Name: weeks_schedule weeks_schedule_pkey; Type: CONSTRAINT; Schema: public; Owner: postgres
--

ALTER TABLE ONLY public.weeks_schedule
    ADD CONSTRAINT weeks_schedule_pkey PRIMARY KEY (id);


--
-- Name: weeks_schedule weeks_schedule_season_week_key; Type: CONSTRAINT; Schema: public; Owner: postgres
--

ALTER TABLE ONLY public.weeks_schedule
    ADD CONSTRAINT weeks_schedule_season_week_key UNIQUE (season, week);


--
-- Name: messages messages_pkey; Type: CONSTRAINT; Schema: realtime; Owner: supabase_realtime_admin
--

ALTER TABLE ONLY realtime.messages
    ADD CONSTRAINT messages_pkey PRIMARY KEY (id, inserted_at);


--
-- Name: subscription pk_subscription; Type: CONSTRAINT; Schema: realtime; Owner: supabase_admin
--

ALTER TABLE ONLY realtime.subscription
    ADD CONSTRAINT pk_subscription PRIMARY KEY (id);


--
-- Name: schema_migrations schema_migrations_pkey; Type: CONSTRAINT; Schema: realtime; Owner: supabase_admin
--

ALTER TABLE ONLY realtime.schema_migrations
    ADD CONSTRAINT schema_migrations_pkey PRIMARY KEY (version);


--
-- Name: buckets_analytics buckets_analytics_pkey; Type: CONSTRAINT; Schema: storage; Owner: supabase_storage_admin
--

ALTER TABLE ONLY storage.buckets_analytics
    ADD CONSTRAINT buckets_analytics_pkey PRIMARY KEY (id);


--
-- Name: buckets buckets_pkey; Type: CONSTRAINT; Schema: storage; Owner: supabase_storage_admin
--

ALTER TABLE ONLY storage.buckets
    ADD CONSTRAINT buckets_pkey PRIMARY KEY (id);


--
-- Name: buckets_vectors buckets_vectors_pkey; Type: CONSTRAINT; Schema: storage; Owner: supabase_storage_admin
--

ALTER TABLE ONLY storage.buckets_vectors
    ADD CONSTRAINT buckets_vectors_pkey PRIMARY KEY (id);


--
-- Name: migrations migrations_name_key; Type: CONSTRAINT; Schema: storage; Owner: supabase_storage_admin
--

ALTER TABLE ONLY storage.migrations
    ADD CONSTRAINT migrations_name_key UNIQUE (name);


--
-- Name: migrations migrations_pkey; Type: CONSTRAINT; Schema: storage; Owner: supabase_storage_admin
--

ALTER TABLE ONLY storage.migrations
    ADD CONSTRAINT migrations_pkey PRIMARY KEY (id);


--
-- Name: objects objects_pkey; Type: CONSTRAINT; Schema: storage; Owner: supabase_storage_admin
--

ALTER TABLE ONLY storage.objects
    ADD CONSTRAINT objects_pkey PRIMARY KEY (id);


--
-- Name: s3_multipart_uploads_parts s3_multipart_uploads_parts_pkey; Type: CONSTRAINT; Schema: storage; Owner: supabase_storage_admin
--

ALTER TABLE ONLY storage.s3_multipart_uploads_parts
    ADD CONSTRAINT s3_multipart_uploads_parts_pkey PRIMARY KEY (id);


--
-- Name: s3_multipart_uploads s3_multipart_uploads_pkey; Type: CONSTRAINT; Schema: storage; Owner: supabase_storage_admin
--

ALTER TABLE ONLY storage.s3_multipart_uploads
    ADD CONSTRAINT s3_multipart_uploads_pkey PRIMARY KEY (id);


--
-- Name: vector_indexes vector_indexes_pkey; Type: CONSTRAINT; Schema: storage; Owner: supabase_storage_admin
--

ALTER TABLE ONLY storage.vector_indexes
    ADD CONSTRAINT vector_indexes_pkey PRIMARY KEY (id);


--
-- Name: audit_logs_instance_id_idx; Type: INDEX; Schema: auth; Owner: supabase_auth_admin
--

CREATE INDEX audit_logs_instance_id_idx ON auth.audit_log_entries USING btree (instance_id);


--
-- Name: confirmation_token_idx; Type: INDEX; Schema: auth; Owner: supabase_auth_admin
--

CREATE UNIQUE INDEX confirmation_token_idx ON auth.users USING btree (confirmation_token) WHERE ((confirmation_token)::text !~ '^[0-9 ]*$'::text);


--
-- Name: email_change_token_current_idx; Type: INDEX; Schema: auth; Owner: supabase_auth_admin
--

CREATE UNIQUE INDEX email_change_token_current_idx ON auth.users USING btree (email_change_token_current) WHERE ((email_change_token_current)::text !~ '^[0-9 ]*$'::text);


--
-- Name: email_change_token_new_idx; Type: INDEX; Schema: auth; Owner: supabase_auth_admin
--

CREATE UNIQUE INDEX email_change_token_new_idx ON auth.users USING btree (email_change_token_new) WHERE ((email_change_token_new)::text !~ '^[0-9 ]*$'::text);


--
-- Name: factor_id_created_at_idx; Type: INDEX; Schema: auth; Owner: supabase_auth_admin
--

CREATE INDEX factor_id_created_at_idx ON auth.mfa_factors USING btree (user_id, created_at);


--
-- Name: flow_state_created_at_idx; Type: INDEX; Schema: auth; Owner: supabase_auth_admin
--

CREATE INDEX flow_state_created_at_idx ON auth.flow_state USING btree (created_at DESC);


--
-- Name: identities_email_idx; Type: INDEX; Schema: auth; Owner: supabase_auth_admin
--

CREATE INDEX identities_email_idx ON auth.identities USING btree (email text_pattern_ops);


--
-- Name: INDEX identities_email_idx; Type: COMMENT; Schema: auth; Owner: supabase_auth_admin
--

COMMENT ON INDEX auth.identities_email_idx IS 'Auth: Ensures indexed queries on the email column';


--
-- Name: identities_user_id_idx; Type: INDEX; Schema: auth; Owner: supabase_auth_admin
--

CREATE INDEX identities_user_id_idx ON auth.identities USING btree (user_id);


--
-- Name: idx_auth_code; Type: INDEX; Schema: auth; Owner: supabase_auth_admin
--

CREATE INDEX idx_auth_code ON auth.flow_state USING btree (auth_code);


--
-- Name: idx_oauth_client_states_created_at; Type: INDEX; Schema: auth; Owner: supabase_auth_admin
--

CREATE INDEX idx_oauth_client_states_created_at ON auth.oauth_client_states USING btree (created_at);


--
-- Name: idx_user_id_auth_method; Type: INDEX; Schema: auth; Owner: supabase_auth_admin
--

CREATE INDEX idx_user_id_auth_method ON auth.flow_state USING btree (user_id, authentication_method);


--
-- Name: mfa_challenge_created_at_idx; Type: INDEX; Schema: auth; Owner: supabase_auth_admin
--

CREATE INDEX mfa_challenge_created_at_idx ON auth.mfa_challenges USING btree (created_at DESC);


--
-- Name: mfa_factors_user_friendly_name_unique; Type: INDEX; Schema: auth; Owner: supabase_auth_admin
--

CREATE UNIQUE INDEX mfa_factors_user_friendly_name_unique ON auth.mfa_factors USING btree (friendly_name, user_id) WHERE (TRIM(BOTH FROM friendly_name) <> ''::text);


--
-- Name: mfa_factors_user_id_idx; Type: INDEX; Schema: auth; Owner: supabase_auth_admin
--

CREATE INDEX mfa_factors_user_id_idx ON auth.mfa_factors USING btree (user_id);


--
-- Name: oauth_auth_pending_exp_idx; Type: INDEX; Schema: auth; Owner: supabase_auth_admin
--

CREATE INDEX oauth_auth_pending_exp_idx ON auth.oauth_authorizations USING btree (expires_at) WHERE (status = 'pending'::auth.oauth_authorization_status);


--
-- Name: oauth_clients_deleted_at_idx; Type: INDEX; Schema: auth; Owner: supabase_auth_admin
--

CREATE INDEX oauth_clients_deleted_at_idx ON auth.oauth_clients USING btree (deleted_at);


--
-- Name: oauth_consents_active_client_idx; Type: INDEX; Schema: auth; Owner: supabase_auth_admin
--

CREATE INDEX oauth_consents_active_client_idx ON auth.oauth_consents USING btree (client_id) WHERE (revoked_at IS NULL);


--
-- Name: oauth_consents_active_user_client_idx; Type: INDEX; Schema: auth; Owner: supabase_auth_admin
--

CREATE INDEX oauth_consents_active_user_client_idx ON auth.oauth_consents USING btree (user_id, client_id) WHERE (revoked_at IS NULL);


--
-- Name: oauth_consents_user_order_idx; Type: INDEX; Schema: auth; Owner: supabase_auth_admin
--

CREATE INDEX oauth_consents_user_order_idx ON auth.oauth_consents USING btree (user_id, granted_at DESC);


--
-- Name: one_time_tokens_relates_to_hash_idx; Type: INDEX; Schema: auth; Owner: supabase_auth_admin
--

CREATE INDEX one_time_tokens_relates_to_hash_idx ON auth.one_time_tokens USING hash (relates_to);


--
-- Name: one_time_tokens_token_hash_hash_idx; Type: INDEX; Schema: auth; Owner: supabase_auth_admin
--

CREATE INDEX one_time_tokens_token_hash_hash_idx ON auth.one_time_tokens USING hash (token_hash);


--
-- Name: one_time_tokens_user_id_token_type_key; Type: INDEX; Schema: auth; Owner: supabase_auth_admin
--

CREATE UNIQUE INDEX one_time_tokens_user_id_token_type_key ON auth.one_time_tokens USING btree (user_id, token_type);


--
-- Name: reauthentication_token_idx; Type: INDEX; Schema: auth; Owner: supabase_auth_admin
--

CREATE UNIQUE INDEX reauthentication_token_idx ON auth.users USING btree (reauthentication_token) WHERE ((reauthentication_token)::text !~ '^[0-9 ]*$'::text);


--
-- Name: recovery_token_idx; Type: INDEX; Schema: auth; Owner: supabase_auth_admin
--

CREATE UNIQUE INDEX recovery_token_idx ON auth.users USING btree (recovery_token) WHERE ((recovery_token)::text !~ '^[0-9 ]*$'::text);


--
-- Name: refresh_tokens_instance_id_idx; Type: INDEX; Schema: auth; Owner: supabase_auth_admin
--

CREATE INDEX refresh_tokens_instance_id_idx ON auth.refresh_tokens USING btree (instance_id);


--
-- Name: refresh_tokens_instance_id_user_id_idx; Type: INDEX; Schema: auth; Owner: supabase_auth_admin
--

CREATE INDEX refresh_tokens_instance_id_user_id_idx ON auth.refresh_tokens USING btree (instance_id, user_id);


--
-- Name: refresh_tokens_parent_idx; Type: INDEX; Schema: auth; Owner: supabase_auth_admin
--

CREATE INDEX refresh_tokens_parent_idx ON auth.refresh_tokens USING btree (parent);


--
-- Name: refresh_tokens_session_id_revoked_idx; Type: INDEX; Schema: auth; Owner: supabase_auth_admin
--

CREATE INDEX refresh_tokens_session_id_revoked_idx ON auth.refresh_tokens USING btree (session_id, revoked);


--
-- Name: refresh_tokens_updated_at_idx; Type: INDEX; Schema: auth; Owner: supabase_auth_admin
--

CREATE INDEX refresh_tokens_updated_at_idx ON auth.refresh_tokens USING btree (updated_at DESC);


--
-- Name: saml_providers_sso_provider_id_idx; Type: INDEX; Schema: auth; Owner: supabase_auth_admin
--

CREATE INDEX saml_providers_sso_provider_id_idx ON auth.saml_providers USING btree (sso_provider_id);


--
-- Name: saml_relay_states_created_at_idx; Type: INDEX; Schema: auth; Owner: supabase_auth_admin
--

CREATE INDEX saml_relay_states_created_at_idx ON auth.saml_relay_states USING btree (created_at DESC);


--
-- Name: saml_relay_states_for_email_idx; Type: INDEX; Schema: auth; Owner: supabase_auth_admin
--

CREATE INDEX saml_relay_states_for_email_idx ON auth.saml_relay_states USING btree (for_email);


--
-- Name: saml_relay_states_sso_provider_id_idx; Type: INDEX; Schema: auth; Owner: supabase_auth_admin
--

CREATE INDEX saml_relay_states_sso_provider_id_idx ON auth.saml_relay_states USING btree (sso_provider_id);


--
-- Name: sessions_not_after_idx; Type: INDEX; Schema: auth; Owner: supabase_auth_admin
--

CREATE INDEX sessions_not_after_idx ON auth.sessions USING btree (not_after DESC);


--
-- Name: sessions_oauth_client_id_idx; Type: INDEX; Schema: auth; Owner: supabase_auth_admin
--

CREATE INDEX sessions_oauth_client_id_idx ON auth.sessions USING btree (oauth_client_id);


--
-- Name: sessions_user_id_idx; Type: INDEX; Schema: auth; Owner: supabase_auth_admin
--

CREATE INDEX sessions_user_id_idx ON auth.sessions USING btree (user_id);


--
-- Name: sso_domains_domain_idx; Type: INDEX; Schema: auth; Owner: supabase_auth_admin
--

CREATE UNIQUE INDEX sso_domains_domain_idx ON auth.sso_domains USING btree (lower(domain));


--
-- Name: sso_domains_sso_provider_id_idx; Type: INDEX; Schema: auth; Owner: supabase_auth_admin
--

CREATE INDEX sso_domains_sso_provider_id_idx ON auth.sso_domains USING btree (sso_provider_id);


--
-- Name: sso_providers_resource_id_idx; Type: INDEX; Schema: auth; Owner: supabase_auth_admin
--

CREATE UNIQUE INDEX sso_providers_resource_id_idx ON auth.sso_providers USING btree (lower(resource_id));


--
-- Name: sso_providers_resource_id_pattern_idx; Type: INDEX; Schema: auth; Owner: supabase_auth_admin
--

CREATE INDEX sso_providers_resource_id_pattern_idx ON auth.sso_providers USING btree (resource_id text_pattern_ops);


--
-- Name: unique_phone_factor_per_user; Type: INDEX; Schema: auth; Owner: supabase_auth_admin
--

CREATE UNIQUE INDEX unique_phone_factor_per_user ON auth.mfa_factors USING btree (user_id, phone);


--
-- Name: user_id_created_at_idx; Type: INDEX; Schema: auth; Owner: supabase_auth_admin
--

CREATE INDEX user_id_created_at_idx ON auth.sessions USING btree (user_id, created_at);


--
-- Name: users_email_partial_key; Type: INDEX; Schema: auth; Owner: supabase_auth_admin
--

CREATE UNIQUE INDEX users_email_partial_key ON auth.users USING btree (email) WHERE (is_sso_user = false);


--
-- Name: INDEX users_email_partial_key; Type: COMMENT; Schema: auth; Owner: supabase_auth_admin
--

COMMENT ON INDEX auth.users_email_partial_key IS 'Auth: A partial unique index that applies only when is_sso_user is false';


--
-- Name: users_instance_id_email_idx; Type: INDEX; Schema: auth; Owner: supabase_auth_admin
--

CREATE INDEX users_instance_id_email_idx ON auth.users USING btree (instance_id, lower((email)::text));


--
-- Name: users_instance_id_idx; Type: INDEX; Schema: auth; Owner: supabase_auth_admin
--

CREATE INDEX users_instance_id_idx ON auth.users USING btree (instance_id);


--
-- Name: users_is_anonymous_idx; Type: INDEX; Schema: auth; Owner: supabase_auth_admin
--

CREATE INDEX users_is_anonymous_idx ON auth.users USING btree (is_anonymous);


--
-- Name: ix_realtime_subscription_entity; Type: INDEX; Schema: realtime; Owner: supabase_admin
--

CREATE INDEX ix_realtime_subscription_entity ON realtime.subscription USING btree (entity);


--
-- Name: messages_inserted_at_topic_index; Type: INDEX; Schema: realtime; Owner: supabase_realtime_admin
--

CREATE INDEX messages_inserted_at_topic_index ON ONLY realtime.messages USING btree (inserted_at DESC, topic) WHERE ((extension = 'broadcast'::text) AND (private IS TRUE));


--
-- Name: subscription_subscription_id_entity_filters_action_filter_key; Type: INDEX; Schema: realtime; Owner: supabase_admin
--

CREATE UNIQUE INDEX subscription_subscription_id_entity_filters_action_filter_key ON realtime.subscription USING btree (subscription_id, entity, filters, action_filter);


--
-- Name: bname; Type: INDEX; Schema: storage; Owner: supabase_storage_admin
--

CREATE UNIQUE INDEX bname ON storage.buckets USING btree (name);


--
-- Name: bucketid_objname; Type: INDEX; Schema: storage; Owner: supabase_storage_admin
--

CREATE UNIQUE INDEX bucketid_objname ON storage.objects USING btree (bucket_id, name);


--
-- Name: buckets_analytics_unique_name_idx; Type: INDEX; Schema: storage; Owner: supabase_storage_admin
--

CREATE UNIQUE INDEX buckets_analytics_unique_name_idx ON storage.buckets_analytics USING btree (name) WHERE (deleted_at IS NULL);


--
-- Name: idx_multipart_uploads_list; Type: INDEX; Schema: storage; Owner: supabase_storage_admin
--

CREATE INDEX idx_multipart_uploads_list ON storage.s3_multipart_uploads USING btree (bucket_id, key, created_at);


--
-- Name: idx_objects_bucket_id_name; Type: INDEX; Schema: storage; Owner: supabase_storage_admin
--

CREATE INDEX idx_objects_bucket_id_name ON storage.objects USING btree (bucket_id, name COLLATE "C");


--
-- Name: idx_objects_bucket_id_name_lower; Type: INDEX; Schema: storage; Owner: supabase_storage_admin
--

CREATE INDEX idx_objects_bucket_id_name_lower ON storage.objects USING btree (bucket_id, lower(name) COLLATE "C");


--
-- Name: name_prefix_search; Type: INDEX; Schema: storage; Owner: supabase_storage_admin
--

CREATE INDEX name_prefix_search ON storage.objects USING btree (name text_pattern_ops);


--
-- Name: vector_indexes_name_bucket_id_idx; Type: INDEX; Schema: storage; Owner: supabase_storage_admin
--

CREATE UNIQUE INDEX vector_indexes_name_bucket_id_idx ON storage.vector_indexes USING btree (name, bucket_id);


--
-- Name: users on_auth_user_created; Type: TRIGGER; Schema: auth; Owner: supabase_auth_admin
--

CREATE TRIGGER on_auth_user_created AFTER INSERT ON auth.users FOR EACH ROW EXECUTE FUNCTION public.handle_new_user();


--
-- Name: subscription tr_check_filters; Type: TRIGGER; Schema: realtime; Owner: supabase_admin
--

CREATE TRIGGER tr_check_filters BEFORE INSERT OR UPDATE ON realtime.subscription FOR EACH ROW EXECUTE FUNCTION realtime.subscription_check_filters();


--
-- Name: buckets enforce_bucket_name_length_trigger; Type: TRIGGER; Schema: storage; Owner: supabase_storage_admin
--

CREATE TRIGGER enforce_bucket_name_length_trigger BEFORE INSERT OR UPDATE OF name ON storage.buckets FOR EACH ROW EXECUTE FUNCTION storage.enforce_bucket_name_length();


--
-- Name: buckets protect_buckets_delete; Type: TRIGGER; Schema: storage; Owner: supabase_storage_admin
--

CREATE TRIGGER protect_buckets_delete BEFORE DELETE ON storage.buckets FOR EACH STATEMENT EXECUTE FUNCTION storage.protect_delete();


--
-- Name: objects protect_objects_delete; Type: TRIGGER; Schema: storage; Owner: supabase_storage_admin
--

CREATE TRIGGER protect_objects_delete BEFORE DELETE ON storage.objects FOR EACH STATEMENT EXECUTE FUNCTION storage.protect_delete();


--
-- Name: objects update_objects_updated_at; Type: TRIGGER; Schema: storage; Owner: supabase_storage_admin
--

CREATE TRIGGER update_objects_updated_at BEFORE UPDATE ON storage.objects FOR EACH ROW EXECUTE FUNCTION storage.update_updated_at_column();


--
-- Name: identities identities_user_id_fkey; Type: FK CONSTRAINT; Schema: auth; Owner: supabase_auth_admin
--

ALTER TABLE ONLY auth.identities
    ADD CONSTRAINT identities_user_id_fkey FOREIGN KEY (user_id) REFERENCES auth.users(id) ON DELETE CASCADE;


--
-- Name: mfa_amr_claims mfa_amr_claims_session_id_fkey; Type: FK CONSTRAINT; Schema: auth; Owner: supabase_auth_admin
--

ALTER TABLE ONLY auth.mfa_amr_claims
    ADD CONSTRAINT mfa_amr_claims_session_id_fkey FOREIGN KEY (session_id) REFERENCES auth.sessions(id) ON DELETE CASCADE;


--
-- Name: mfa_challenges mfa_challenges_auth_factor_id_fkey; Type: FK CONSTRAINT; Schema: auth; Owner: supabase_auth_admin
--

ALTER TABLE ONLY auth.mfa_challenges
    ADD CONSTRAINT mfa_challenges_auth_factor_id_fkey FOREIGN KEY (factor_id) REFERENCES auth.mfa_factors(id) ON DELETE CASCADE;


--
-- Name: mfa_factors mfa_factors_user_id_fkey; Type: FK CONSTRAINT; Schema: auth; Owner: supabase_auth_admin
--

ALTER TABLE ONLY auth.mfa_factors
    ADD CONSTRAINT mfa_factors_user_id_fkey FOREIGN KEY (user_id) REFERENCES auth.users(id) ON DELETE CASCADE;


--
-- Name: oauth_authorizations oauth_authorizations_client_id_fkey; Type: FK CONSTRAINT; Schema: auth; Owner: supabase_auth_admin
--

ALTER TABLE ONLY auth.oauth_authorizations
    ADD CONSTRAINT oauth_authorizations_client_id_fkey FOREIGN KEY (client_id) REFERENCES auth.oauth_clients(id) ON DELETE CASCADE;


--
-- Name: oauth_authorizations oauth_authorizations_user_id_fkey; Type: FK CONSTRAINT; Schema: auth; Owner: supabase_auth_admin
--

ALTER TABLE ONLY auth.oauth_authorizations
    ADD CONSTRAINT oauth_authorizations_user_id_fkey FOREIGN KEY (user_id) REFERENCES auth.users(id) ON DELETE CASCADE;


--
-- Name: oauth_consents oauth_consents_client_id_fkey; Type: FK CONSTRAINT; Schema: auth; Owner: supabase_auth_admin
--

ALTER TABLE ONLY auth.oauth_consents
    ADD CONSTRAINT oauth_consents_client_id_fkey FOREIGN KEY (client_id) REFERENCES auth.oauth_clients(id) ON DELETE CASCADE;


--
-- Name: oauth_consents oauth_consents_user_id_fkey; Type: FK CONSTRAINT; Schema: auth; Owner: supabase_auth_admin
--

ALTER TABLE ONLY auth.oauth_consents
    ADD CONSTRAINT oauth_consents_user_id_fkey FOREIGN KEY (user_id) REFERENCES auth.users(id) ON DELETE CASCADE;


--
-- Name: one_time_tokens one_time_tokens_user_id_fkey; Type: FK CONSTRAINT; Schema: auth; Owner: supabase_auth_admin
--

ALTER TABLE ONLY auth.one_time_tokens
    ADD CONSTRAINT one_time_tokens_user_id_fkey FOREIGN KEY (user_id) REFERENCES auth.users(id) ON DELETE CASCADE;


--
-- Name: refresh_tokens refresh_tokens_session_id_fkey; Type: FK CONSTRAINT; Schema: auth; Owner: supabase_auth_admin
--

ALTER TABLE ONLY auth.refresh_tokens
    ADD CONSTRAINT refresh_tokens_session_id_fkey FOREIGN KEY (session_id) REFERENCES auth.sessions(id) ON DELETE CASCADE;


--
-- Name: saml_providers saml_providers_sso_provider_id_fkey; Type: FK CONSTRAINT; Schema: auth; Owner: supabase_auth_admin
--

ALTER TABLE ONLY auth.saml_providers
    ADD CONSTRAINT saml_providers_sso_provider_id_fkey FOREIGN KEY (sso_provider_id) REFERENCES auth.sso_providers(id) ON DELETE CASCADE;


--
-- Name: saml_relay_states saml_relay_states_flow_state_id_fkey; Type: FK CONSTRAINT; Schema: auth; Owner: supabase_auth_admin
--

ALTER TABLE ONLY auth.saml_relay_states
    ADD CONSTRAINT saml_relay_states_flow_state_id_fkey FOREIGN KEY (flow_state_id) REFERENCES auth.flow_state(id) ON DELETE CASCADE;


--
-- Name: saml_relay_states saml_relay_states_sso_provider_id_fkey; Type: FK CONSTRAINT; Schema: auth; Owner: supabase_auth_admin
--

ALTER TABLE ONLY auth.saml_relay_states
    ADD CONSTRAINT saml_relay_states_sso_provider_id_fkey FOREIGN KEY (sso_provider_id) REFERENCES auth.sso_providers(id) ON DELETE CASCADE;


--
-- Name: sessions sessions_oauth_client_id_fkey; Type: FK CONSTRAINT; Schema: auth; Owner: supabase_auth_admin
--

ALTER TABLE ONLY auth.sessions
    ADD CONSTRAINT sessions_oauth_client_id_fkey FOREIGN KEY (oauth_client_id) REFERENCES auth.oauth_clients(id) ON DELETE CASCADE;


--
-- Name: sessions sessions_user_id_fkey; Type: FK CONSTRAINT; Schema: auth; Owner: supabase_auth_admin
--

ALTER TABLE ONLY auth.sessions
    ADD CONSTRAINT sessions_user_id_fkey FOREIGN KEY (user_id) REFERENCES auth.users(id) ON DELETE CASCADE;


--
-- Name: sso_domains sso_domains_sso_provider_id_fkey; Type: FK CONSTRAINT; Schema: auth; Owner: supabase_auth_admin
--

ALTER TABLE ONLY auth.sso_domains
    ADD CONSTRAINT sso_domains_sso_provider_id_fkey FOREIGN KEY (sso_provider_id) REFERENCES auth.sso_providers(id) ON DELETE CASCADE;


--
-- Name: matches matches_away_team_fkey; Type: FK CONSTRAINT; Schema: public; Owner: postgres
--

ALTER TABLE ONLY public.matches
    ADD CONSTRAINT matches_away_team_fkey FOREIGN KEY (away_team) REFERENCES public.profiles(id);


--
-- Name: matches matches_home_team_fkey; Type: FK CONSTRAINT; Schema: public; Owner: postgres
--

ALTER TABLE ONLY public.matches
    ADD CONSTRAINT matches_home_team_fkey FOREIGN KEY (home_team) REFERENCES public.profiles(id);


--
-- Name: playoff_matches playoff_matches_away_team_fkey; Type: FK CONSTRAINT; Schema: public; Owner: postgres
--

ALTER TABLE ONLY public.playoff_matches
    ADD CONSTRAINT playoff_matches_away_team_fkey FOREIGN KEY (away_team) REFERENCES public.profiles(id);


--
-- Name: playoff_matches playoff_matches_home_team_fkey; Type: FK CONSTRAINT; Schema: public; Owner: postgres
--

ALTER TABLE ONLY public.playoff_matches
    ADD CONSTRAINT playoff_matches_home_team_fkey FOREIGN KEY (home_team) REFERENCES public.profiles(id);


--
-- Name: playoff_matches playoff_matches_next_match_id_fkey; Type: FK CONSTRAINT; Schema: public; Owner: postgres
--

ALTER TABLE ONLY public.playoff_matches
    ADD CONSTRAINT playoff_matches_next_match_id_fkey FOREIGN KEY (next_match_id) REFERENCES public.playoff_matches(id);


--
-- Name: playoff_matches playoff_matches_playoff_id_fkey; Type: FK CONSTRAINT; Schema: public; Owner: postgres
--

ALTER TABLE ONLY public.playoff_matches
    ADD CONSTRAINT playoff_matches_playoff_id_fkey FOREIGN KEY (playoff_id) REFERENCES public.playoffs(id) ON DELETE CASCADE;


--
-- Name: playoff_matches playoff_matches_winner_id_fkey; Type: FK CONSTRAINT; Schema: public; Owner: postgres
--

ALTER TABLE ONLY public.playoff_matches
    ADD CONSTRAINT playoff_matches_winner_id_fkey FOREIGN KEY (winner_id) REFERENCES public.profiles(id);


--
-- Name: profiles profiles_id_fkey; Type: FK CONSTRAINT; Schema: public; Owner: postgres
--

ALTER TABLE ONLY public.profiles
    ADD CONSTRAINT profiles_id_fkey FOREIGN KEY (id) REFERENCES auth.users(id) ON DELETE CASCADE;


--
-- Name: objects objects_bucketId_fkey; Type: FK CONSTRAINT; Schema: storage; Owner: supabase_storage_admin
--

ALTER TABLE ONLY storage.objects
    ADD CONSTRAINT "objects_bucketId_fkey" FOREIGN KEY (bucket_id) REFERENCES storage.buckets(id);


--
-- Name: s3_multipart_uploads s3_multipart_uploads_bucket_id_fkey; Type: FK CONSTRAINT; Schema: storage; Owner: supabase_storage_admin
--

ALTER TABLE ONLY storage.s3_multipart_uploads
    ADD CONSTRAINT s3_multipart_uploads_bucket_id_fkey FOREIGN KEY (bucket_id) REFERENCES storage.buckets(id);


--
-- Name: s3_multipart_uploads_parts s3_multipart_uploads_parts_bucket_id_fkey; Type: FK CONSTRAINT; Schema: storage; Owner: supabase_storage_admin
--

ALTER TABLE ONLY storage.s3_multipart_uploads_parts
    ADD CONSTRAINT s3_multipart_uploads_parts_bucket_id_fkey FOREIGN KEY (bucket_id) REFERENCES storage.buckets(id);


--
-- Name: s3_multipart_uploads_parts s3_multipart_uploads_parts_upload_id_fkey; Type: FK CONSTRAINT; Schema: storage; Owner: supabase_storage_admin
--

ALTER TABLE ONLY storage.s3_multipart_uploads_parts
    ADD CONSTRAINT s3_multipart_uploads_parts_upload_id_fkey FOREIGN KEY (upload_id) REFERENCES storage.s3_multipart_uploads(id) ON DELETE CASCADE;


--
-- Name: vector_indexes vector_indexes_bucket_id_fkey; Type: FK CONSTRAINT; Schema: storage; Owner: supabase_storage_admin
--

ALTER TABLE ONLY storage.vector_indexes
    ADD CONSTRAINT vector_indexes_bucket_id_fkey FOREIGN KEY (bucket_id) REFERENCES storage.buckets_vectors(id);


--
-- Name: audit_log_entries; Type: ROW SECURITY; Schema: auth; Owner: supabase_auth_admin
--

ALTER TABLE auth.audit_log_entries ENABLE ROW LEVEL SECURITY;

--
-- Name: flow_state; Type: ROW SECURITY; Schema: auth; Owner: supabase_auth_admin
--

ALTER TABLE auth.flow_state ENABLE ROW LEVEL SECURITY;

--
-- Name: identities; Type: ROW SECURITY; Schema: auth; Owner: supabase_auth_admin
--

ALTER TABLE auth.identities ENABLE ROW LEVEL SECURITY;

--
-- Name: instances; Type: ROW SECURITY; Schema: auth; Owner: supabase_auth_admin
--

ALTER TABLE auth.instances ENABLE ROW LEVEL SECURITY;

--
-- Name: mfa_amr_claims; Type: ROW SECURITY; Schema: auth; Owner: supabase_auth_admin
--

ALTER TABLE auth.mfa_amr_claims ENABLE ROW LEVEL SECURITY;

--
-- Name: mfa_challenges; Type: ROW SECURITY; Schema: auth; Owner: supabase_auth_admin
--

ALTER TABLE auth.mfa_challenges ENABLE ROW LEVEL SECURITY;

--
-- Name: mfa_factors; Type: ROW SECURITY; Schema: auth; Owner: supabase_auth_admin
--

ALTER TABLE auth.mfa_factors ENABLE ROW LEVEL SECURITY;

--
-- Name: one_time_tokens; Type: ROW SECURITY; Schema: auth; Owner: supabase_auth_admin
--

ALTER TABLE auth.one_time_tokens ENABLE ROW LEVEL SECURITY;

--
-- Name: refresh_tokens; Type: ROW SECURITY; Schema: auth; Owner: supabase_auth_admin
--

ALTER TABLE auth.refresh_tokens ENABLE ROW LEVEL SECURITY;

--
-- Name: saml_providers; Type: ROW SECURITY; Schema: auth; Owner: supabase_auth_admin
--

ALTER TABLE auth.saml_providers ENABLE ROW LEVEL SECURITY;

--
-- Name: saml_relay_states; Type: ROW SECURITY; Schema: auth; Owner: supabase_auth_admin
--

ALTER TABLE auth.saml_relay_states ENABLE ROW LEVEL SECURITY;

--
-- Name: schema_migrations; Type: ROW SECURITY; Schema: auth; Owner: supabase_auth_admin
--

ALTER TABLE auth.schema_migrations ENABLE ROW LEVEL SECURITY;

--
-- Name: sessions; Type: ROW SECURITY; Schema: auth; Owner: supabase_auth_admin
--

ALTER TABLE auth.sessions ENABLE ROW LEVEL SECURITY;

--
-- Name: sso_domains; Type: ROW SECURITY; Schema: auth; Owner: supabase_auth_admin
--

ALTER TABLE auth.sso_domains ENABLE ROW LEVEL SECURITY;

--
-- Name: sso_providers; Type: ROW SECURITY; Schema: auth; Owner: supabase_auth_admin
--

ALTER TABLE auth.sso_providers ENABLE ROW LEVEL SECURITY;

--
-- Name: users; Type: ROW SECURITY; Schema: auth; Owner: supabase_auth_admin
--

ALTER TABLE auth.users ENABLE ROW LEVEL SECURITY;

--
-- Name: playoff_matches Admins gestionan partidos de playoff; Type: POLICY; Schema: public; Owner: postgres
--

CREATE POLICY "Admins gestionan partidos de playoff" ON public.playoff_matches TO authenticated USING ((auth.uid() IN ( SELECT profiles.id
   FROM public.profiles
  WHERE (profiles.is_admin = true))));


--
-- Name: playoffs Admins gestionan playoffs; Type: POLICY; Schema: public; Owner: postgres
--

CREATE POLICY "Admins gestionan playoffs" ON public.playoffs TO authenticated USING ((auth.uid() IN ( SELECT profiles.id
   FROM public.profiles
  WHERE (profiles.is_admin = true))));


--
-- Name: config Admins pueden actualizar config; Type: POLICY; Schema: public; Owner: postgres
--

CREATE POLICY "Admins pueden actualizar config" ON public.config FOR UPDATE TO authenticated USING ((EXISTS ( SELECT 1
   FROM public.profiles
  WHERE ((profiles.id = auth.uid()) AND (profiles.is_admin = true)))));


--
-- Name: weeks_schedule Admins pueden insertar calendario; Type: POLICY; Schema: public; Owner: postgres
--

CREATE POLICY "Admins pueden insertar calendario" ON public.weeks_schedule FOR INSERT TO authenticated WITH CHECK ((EXISTS ( SELECT 1
   FROM public.profiles
  WHERE ((profiles.id = auth.uid()) AND (profiles.is_admin = true)))));


--
-- Name: matches Admins pueden insertar partidos; Type: POLICY; Schema: public; Owner: postgres
--

CREATE POLICY "Admins pueden insertar partidos" ON public.matches FOR INSERT TO authenticated WITH CHECK ((EXISTS ( SELECT 1
   FROM public.profiles
  WHERE ((profiles.id = auth.uid()) AND (profiles.is_admin = true)))));


--
-- Name: config Lectura pblica de configuracin; Type: POLICY; Schema: public; Owner: postgres
--

CREATE POLICY "Lectura pblica de configuracin" ON public.config FOR SELECT USING (true);


--
-- Name: profiles Los perfiles son visibles para todos; Type: POLICY; Schema: public; Owner: postgres
--

CREATE POLICY "Los perfiles son visibles para todos" ON public.profiles FOR SELECT USING (true);


--
-- Name: profiles Los usuarios solo pueden editar su propio perfil; Type: POLICY; Schema: public; Owner: postgres
--

CREATE POLICY "Los usuarios solo pueden editar su propio perfil" ON public.profiles FOR UPDATE TO authenticated USING ((auth.uid() = id)) WITH CHECK ((auth.uid() = id));


--
-- Name: playoff_matches Partidos de playoff visibles para todos; Type: POLICY; Schema: public; Owner: postgres
--

CREATE POLICY "Partidos de playoff visibles para todos" ON public.playoff_matches FOR SELECT USING (true);


--
-- Name: matches Partidos visibles para todos; Type: POLICY; Schema: public; Owner: postgres
--

CREATE POLICY "Partidos visibles para todos" ON public.matches FOR SELECT USING (true);


--
-- Name: playoffs Playoffs visibles para todos; Type: POLICY; Schema: public; Owner: postgres
--

CREATE POLICY "Playoffs visibles para todos" ON public.playoffs FOR SELECT USING (true);


--
-- Name: weeks_schedule Solo usuarios autenticados ven semanas; Type: POLICY; Schema: public; Owner: postgres
--

CREATE POLICY "Solo usuarios autenticados ven semanas" ON public.weeks_schedule FOR SELECT TO authenticated USING (true);


--
-- Name: config; Type: ROW SECURITY; Schema: public; Owner: postgres
--

ALTER TABLE public.config ENABLE ROW LEVEL SECURITY;

--
-- Name: matches; Type: ROW SECURITY; Schema: public; Owner: postgres
--

ALTER TABLE public.matches ENABLE ROW LEVEL SECURITY;

--
-- Name: playoff_matches; Type: ROW SECURITY; Schema: public; Owner: postgres
--

ALTER TABLE public.playoff_matches ENABLE ROW LEVEL SECURITY;

--
-- Name: playoffs; Type: ROW SECURITY; Schema: public; Owner: postgres
--

ALTER TABLE public.playoffs ENABLE ROW LEVEL SECURITY;

--
-- Name: profiles; Type: ROW SECURITY; Schema: public; Owner: postgres
--

ALTER TABLE public.profiles ENABLE ROW LEVEL SECURITY;

--
-- Name: weeks_schedule; Type: ROW SECURITY; Schema: public; Owner: postgres
--

ALTER TABLE public.weeks_schedule ENABLE ROW LEVEL SECURITY;

--
-- Name: messages; Type: ROW SECURITY; Schema: realtime; Owner: supabase_realtime_admin
--

ALTER TABLE realtime.messages ENABLE ROW LEVEL SECURITY;

--
-- Name: objects Acceso publico de lectura 1oj01fe_0; Type: POLICY; Schema: storage; Owner: supabase_storage_admin
--

CREATE POLICY "Acceso publico de lectura 1oj01fe_0" ON storage.objects FOR SELECT USING (true);


--
-- Name: objects Subida para usuarios autenticados 1oj01fe_0; Type: POLICY; Schema: storage; Owner: supabase_storage_admin
--

CREATE POLICY "Subida para usuarios autenticados 1oj01fe_0" ON storage.objects FOR INSERT TO authenticated WITH CHECK ((auth.role() = 'authenticated'::text));


--
-- Name: objects Subida para usuarios autenticados 1oj01fe_1; Type: POLICY; Schema: storage; Owner: supabase_storage_admin
--

CREATE POLICY "Subida para usuarios autenticados 1oj01fe_1" ON storage.objects FOR UPDATE TO authenticated USING ((auth.role() = 'authenticated'::text));


--
-- Name: objects Subida para usuarios autenticados 1oj01fe_2; Type: POLICY; Schema: storage; Owner: supabase_storage_admin
--

CREATE POLICY "Subida para usuarios autenticados 1oj01fe_2" ON storage.objects FOR SELECT TO authenticated USING ((auth.role() = 'authenticated'::text));


--
-- Name: buckets; Type: ROW SECURITY; Schema: storage; Owner: supabase_storage_admin
--

ALTER TABLE storage.buckets ENABLE ROW LEVEL SECURITY;

--
-- Name: buckets_analytics; Type: ROW SECURITY; Schema: storage; Owner: supabase_storage_admin
--

ALTER TABLE storage.buckets_analytics ENABLE ROW LEVEL SECURITY;

--
-- Name: buckets_vectors; Type: ROW SECURITY; Schema: storage; Owner: supabase_storage_admin
--

ALTER TABLE storage.buckets_vectors ENABLE ROW LEVEL SECURITY;

--
-- Name: migrations; Type: ROW SECURITY; Schema: storage; Owner: supabase_storage_admin
--

ALTER TABLE storage.migrations ENABLE ROW LEVEL SECURITY;

--
-- Name: objects; Type: ROW SECURITY; Schema: storage; Owner: supabase_storage_admin
--

ALTER TABLE storage.objects ENABLE ROW LEVEL SECURITY;

--
-- Name: s3_multipart_uploads; Type: ROW SECURITY; Schema: storage; Owner: supabase_storage_admin
--

ALTER TABLE storage.s3_multipart_uploads ENABLE ROW LEVEL SECURITY;

--
-- Name: s3_multipart_uploads_parts; Type: ROW SECURITY; Schema: storage; Owner: supabase_storage_admin
--

ALTER TABLE storage.s3_multipart_uploads_parts ENABLE ROW LEVEL SECURITY;

--
-- Name: vector_indexes; Type: ROW SECURITY; Schema: storage; Owner: supabase_storage_admin
--

ALTER TABLE storage.vector_indexes ENABLE ROW LEVEL SECURITY;

--
-- Name: supabase_realtime; Type: PUBLICATION; Schema: -; Owner: postgres
--

CREATE PUBLICATION supabase_realtime WITH (publish = 'insert, update, delete, truncate');


ALTER PUBLICATION supabase_realtime OWNER TO postgres;

--
-- Name: SCHEMA auth; Type: ACL; Schema: -; Owner: supabase_admin
--

GRANT USAGE ON SCHEMA auth TO anon;
GRANT USAGE ON SCHEMA auth TO authenticated;
GRANT USAGE ON SCHEMA auth TO service_role;
GRANT ALL ON SCHEMA auth TO supabase_auth_admin;
GRANT ALL ON SCHEMA auth TO dashboard_user;
GRANT USAGE ON SCHEMA auth TO postgres;


--
-- Name: SCHEMA extensions; Type: ACL; Schema: -; Owner: postgres
--

GRANT USAGE ON SCHEMA extensions TO anon;
GRANT USAGE ON SCHEMA extensions TO authenticated;
GRANT USAGE ON SCHEMA extensions TO service_role;
GRANT ALL ON SCHEMA extensions TO dashboard_user;


--
-- Name: SCHEMA public; Type: ACL; Schema: -; Owner: postgres
--

REVOKE USAGE ON SCHEMA public FROM PUBLIC;
GRANT ALL ON SCHEMA public TO anon;
GRANT ALL ON SCHEMA public TO authenticated;
GRANT ALL ON SCHEMA public TO service_role;


--
-- Name: SCHEMA realtime; Type: ACL; Schema: -; Owner: supabase_admin
--

GRANT USAGE ON SCHEMA realtime TO postgres;
GRANT USAGE ON SCHEMA realtime TO anon;
GRANT USAGE ON SCHEMA realtime TO authenticated;
GRANT USAGE ON SCHEMA realtime TO service_role;
GRANT ALL ON SCHEMA realtime TO supabase_realtime_admin;


--
-- Name: SCHEMA storage; Type: ACL; Schema: -; Owner: supabase_admin
--

GRANT USAGE ON SCHEMA storage TO postgres WITH GRANT OPTION;
GRANT USAGE ON SCHEMA storage TO anon;
GRANT USAGE ON SCHEMA storage TO authenticated;
GRANT USAGE ON SCHEMA storage TO service_role;
GRANT ALL ON SCHEMA storage TO supabase_storage_admin WITH GRANT OPTION;
GRANT ALL ON SCHEMA storage TO dashboard_user;


--
-- Name: SCHEMA vault; Type: ACL; Schema: -; Owner: supabase_admin
--

GRANT USAGE ON SCHEMA vault TO postgres WITH GRANT OPTION;
GRANT USAGE ON SCHEMA vault TO service_role;


--
-- Name: FUNCTION email(); Type: ACL; Schema: auth; Owner: supabase_auth_admin
--

GRANT ALL ON FUNCTION auth.email() TO dashboard_user;


--
-- Name: FUNCTION jwt(); Type: ACL; Schema: auth; Owner: supabase_auth_admin
--

GRANT ALL ON FUNCTION auth.jwt() TO postgres;
GRANT ALL ON FUNCTION auth.jwt() TO dashboard_user;


--
-- Name: FUNCTION role(); Type: ACL; Schema: auth; Owner: supabase_auth_admin
--

GRANT ALL ON FUNCTION auth.role() TO dashboard_user;


--
-- Name: FUNCTION uid(); Type: ACL; Schema: auth; Owner: supabase_auth_admin
--

GRANT ALL ON FUNCTION auth.uid() TO dashboard_user;


--
-- Name: FUNCTION armor(bytea); Type: ACL; Schema: extensions; Owner: postgres
--

REVOKE ALL ON FUNCTION extensions.armor(bytea) FROM postgres;
GRANT ALL ON FUNCTION extensions.armor(bytea) TO postgres WITH GRANT OPTION;
GRANT ALL ON FUNCTION extensions.armor(bytea) TO dashboard_user;


--
-- Name: FUNCTION armor(bytea, text[], text[]); Type: ACL; Schema: extensions; Owner: postgres
--

REVOKE ALL ON FUNCTION extensions.armor(bytea, text[], text[]) FROM postgres;
GRANT ALL ON FUNCTION extensions.armor(bytea, text[], text[]) TO postgres WITH GRANT OPTION;
GRANT ALL ON FUNCTION extensions.armor(bytea, text[], text[]) TO dashboard_user;


--
-- Name: FUNCTION crypt(text, text); Type: ACL; Schema: extensions; Owner: postgres
--

REVOKE ALL ON FUNCTION extensions.crypt(text, text) FROM postgres;
GRANT ALL ON FUNCTION extensions.crypt(text, text) TO postgres WITH GRANT OPTION;
GRANT ALL ON FUNCTION extensions.crypt(text, text) TO dashboard_user;


--
-- Name: FUNCTION dearmor(text); Type: ACL; Schema: extensions; Owner: postgres
--

REVOKE ALL ON FUNCTION extensions.dearmor(text) FROM postgres;
GRANT ALL ON FUNCTION extensions.dearmor(text) TO postgres WITH GRANT OPTION;
GRANT ALL ON FUNCTION extensions.dearmor(text) TO dashboard_user;


--
-- Name: FUNCTION decrypt(bytea, bytea, text); Type: ACL; Schema: extensions; Owner: postgres
--

REVOKE ALL ON FUNCTION extensions.decrypt(bytea, bytea, text) FROM postgres;
GRANT ALL ON FUNCTION extensions.decrypt(bytea, bytea, text) TO postgres WITH GRANT OPTION;
GRANT ALL ON FUNCTION extensions.decrypt(bytea, bytea, text) TO dashboard_user;


--
-- Name: FUNCTION decrypt_iv(bytea, bytea, bytea, text); Type: ACL; Schema: extensions; Owner: postgres
--

REVOKE ALL ON FUNCTION extensions.decrypt_iv(bytea, bytea, bytea, text) FROM postgres;
GRANT ALL ON FUNCTION extensions.decrypt_iv(bytea, bytea, bytea, text) TO postgres WITH GRANT OPTION;
GRANT ALL ON FUNCTION extensions.decrypt_iv(bytea, bytea, bytea, text) TO dashboard_user;


--
-- Name: FUNCTION digest(bytea, text); Type: ACL; Schema: extensions; Owner: postgres
--

REVOKE ALL ON FUNCTION extensions.digest(bytea, text) FROM postgres;
GRANT ALL ON FUNCTION extensions.digest(bytea, text) TO postgres WITH GRANT OPTION;
GRANT ALL ON FUNCTION extensions.digest(bytea, text) TO dashboard_user;


--
-- Name: FUNCTION digest(text, text); Type: ACL; Schema: extensions; Owner: postgres
--

REVOKE ALL ON FUNCTION extensions.digest(text, text) FROM postgres;
GRANT ALL ON FUNCTION extensions.digest(text, text) TO postgres WITH GRANT OPTION;
GRANT ALL ON FUNCTION extensions.digest(text, text) TO dashboard_user;


--
-- Name: FUNCTION encrypt(bytea, bytea, text); Type: ACL; Schema: extensions; Owner: postgres
--

REVOKE ALL ON FUNCTION extensions.encrypt(bytea, bytea, text) FROM postgres;
GRANT ALL ON FUNCTION extensions.encrypt(bytea, bytea, text) TO postgres WITH GRANT OPTION;
GRANT ALL ON FUNCTION extensions.encrypt(bytea, bytea, text) TO dashboard_user;


--
-- Name: FUNCTION encrypt_iv(bytea, bytea, bytea, text); Type: ACL; Schema: extensions; Owner: postgres
--

REVOKE ALL ON FUNCTION extensions.encrypt_iv(bytea, bytea, bytea, text) FROM postgres;
GRANT ALL ON FUNCTION extensions.encrypt_iv(bytea, bytea, bytea, text) TO postgres WITH GRANT OPTION;
GRANT ALL ON FUNCTION extensions.encrypt_iv(bytea, bytea, bytea, text) TO dashboard_user;


--
-- Name: FUNCTION gen_random_bytes(integer); Type: ACL; Schema: extensions; Owner: postgres
--

REVOKE ALL ON FUNCTION extensions.gen_random_bytes(integer) FROM postgres;
GRANT ALL ON FUNCTION extensions.gen_random_bytes(integer) TO postgres WITH GRANT OPTION;
GRANT ALL ON FUNCTION extensions.gen_random_bytes(integer) TO dashboard_user;


--
-- Name: FUNCTION gen_random_uuid(); Type: ACL; Schema: extensions; Owner: postgres
--

REVOKE ALL ON FUNCTION extensions.gen_random_uuid() FROM postgres;
GRANT ALL ON FUNCTION extensions.gen_random_uuid() TO postgres WITH GRANT OPTION;
GRANT ALL ON FUNCTION extensions.gen_random_uuid() TO dashboard_user;


--
-- Name: FUNCTION gen_salt(text); Type: ACL; Schema: extensions; Owner: postgres
--

REVOKE ALL ON FUNCTION extensions.gen_salt(text) FROM postgres;
GRANT ALL ON FUNCTION extensions.gen_salt(text) TO postgres WITH GRANT OPTION;
GRANT ALL ON FUNCTION extensions.gen_salt(text) TO dashboard_user;


--
-- Name: FUNCTION gen_salt(text, integer); Type: ACL; Schema: extensions; Owner: postgres
--

REVOKE ALL ON FUNCTION extensions.gen_salt(text, integer) FROM postgres;
GRANT ALL ON FUNCTION extensions.gen_salt(text, integer) TO postgres WITH GRANT OPTION;
GRANT ALL ON FUNCTION extensions.gen_salt(text, integer) TO dashboard_user;


--
-- Name: FUNCTION grant_pg_cron_access(); Type: ACL; Schema: extensions; Owner: supabase_admin
--

REVOKE ALL ON FUNCTION extensions.grant_pg_cron_access() FROM supabase_admin;
GRANT ALL ON FUNCTION extensions.grant_pg_cron_access() TO supabase_admin WITH GRANT OPTION;
GRANT ALL ON FUNCTION extensions.grant_pg_cron_access() TO dashboard_user;


--
-- Name: FUNCTION grant_pg_graphql_access(); Type: ACL; Schema: extensions; Owner: supabase_admin
--

GRANT ALL ON FUNCTION extensions.grant_pg_graphql_access() TO postgres WITH GRANT OPTION;


--
-- Name: FUNCTION grant_pg_net_access(); Type: ACL; Schema: extensions; Owner: supabase_admin
--

REVOKE ALL ON FUNCTION extensions.grant_pg_net_access() FROM supabase_admin;
GRANT ALL ON FUNCTION extensions.grant_pg_net_access() TO supabase_admin WITH GRANT OPTION;
GRANT ALL ON FUNCTION extensions.grant_pg_net_access() TO dashboard_user;


--
-- Name: FUNCTION hmac(bytea, bytea, text); Type: ACL; Schema: extensions; Owner: postgres
--

REVOKE ALL ON FUNCTION extensions.hmac(bytea, bytea, text) FROM postgres;
GRANT ALL ON FUNCTION extensions.hmac(bytea, bytea, text) TO postgres WITH GRANT OPTION;
GRANT ALL ON FUNCTION extensions.hmac(bytea, bytea, text) TO dashboard_user;


--
-- Name: FUNCTION hmac(text, text, text); Type: ACL; Schema: extensions; Owner: postgres
--

REVOKE ALL ON FUNCTION extensions.hmac(text, text, text) FROM postgres;
GRANT ALL ON FUNCTION extensions.hmac(text, text, text) TO postgres WITH GRANT OPTION;
GRANT ALL ON FUNCTION extensions.hmac(text, text, text) TO dashboard_user;


--
-- Name: FUNCTION pg_stat_statements(showtext boolean, OUT userid oid, OUT dbid oid, OUT toplevel boolean, OUT queryid bigint, OUT query text, OUT plans bigint, OUT total_plan_time double precision, OUT min_plan_time double precision, OUT max_plan_time double precision, OUT mean_plan_time double precision, OUT stddev_plan_time double precision, OUT calls bigint, OUT total_exec_time double precision, OUT min_exec_time double precision, OUT max_exec_time double precision, OUT mean_exec_time double precision, OUT stddev_exec_time double precision, OUT rows bigint, OUT shared_blks_hit bigint, OUT shared_blks_read bigint, OUT shared_blks_dirtied bigint, OUT shared_blks_written bigint, OUT local_blks_hit bigint, OUT local_blks_read bigint, OUT local_blks_dirtied bigint, OUT local_blks_written bigint, OUT temp_blks_read bigint, OUT temp_blks_written bigint, OUT shared_blk_read_time double precision, OUT shared_blk_write_time double precision, OUT local_blk_read_time double precision, OUT local_blk_write_time double precision, OUT temp_blk_read_time double precision, OUT temp_blk_write_time double precision, OUT wal_records bigint, OUT wal_fpi bigint, OUT wal_bytes numeric, OUT jit_functions bigint, OUT jit_generation_time double precision, OUT jit_inlining_count bigint, OUT jit_inlining_time double precision, OUT jit_optimization_count bigint, OUT jit_optimization_time double precision, OUT jit_emission_count bigint, OUT jit_emission_time double precision, OUT jit_deform_count bigint, OUT jit_deform_time double precision, OUT stats_since timestamp with time zone, OUT minmax_stats_since timestamp with time zone); Type: ACL; Schema: extensions; Owner: postgres
--

REVOKE ALL ON FUNCTION extensions.pg_stat_statements(showtext boolean, OUT userid oid, OUT dbid oid, OUT toplevel boolean, OUT queryid bigint, OUT query text, OUT plans bigint, OUT total_plan_time double precision, OUT min_plan_time double precision, OUT max_plan_time double precision, OUT mean_plan_time double precision, OUT stddev_plan_time double precision, OUT calls bigint, OUT total_exec_time double precision, OUT min_exec_time double precision, OUT max_exec_time double precision, OUT mean_exec_time double precision, OUT stddev_exec_time double precision, OUT rows bigint, OUT shared_blks_hit bigint, OUT shared_blks_read bigint, OUT shared_blks_dirtied bigint, OUT shared_blks_written bigint, OUT local_blks_hit bigint, OUT local_blks_read bigint, OUT local_blks_dirtied bigint, OUT local_blks_written bigint, OUT temp_blks_read bigint, OUT temp_blks_written bigint, OUT shared_blk_read_time double precision, OUT shared_blk_write_time double precision, OUT local_blk_read_time double precision, OUT local_blk_write_time double precision, OUT temp_blk_read_time double precision, OUT temp_blk_write_time double precision, OUT wal_records bigint, OUT wal_fpi bigint, OUT wal_bytes numeric, OUT jit_functions bigint, OUT jit_generation_time double precision, OUT jit_inlining_count bigint, OUT jit_inlining_time double precision, OUT jit_optimization_count bigint, OUT jit_optimization_time double precision, OUT jit_emission_count bigint, OUT jit_emission_time double precision, OUT jit_deform_count bigint, OUT jit_deform_time double precision, OUT stats_since timestamp with time zone, OUT minmax_stats_since timestamp with time zone) FROM postgres;
GRANT ALL ON FUNCTION extensions.pg_stat_statements(showtext boolean, OUT userid oid, OUT dbid oid, OUT toplevel boolean, OUT queryid bigint, OUT query text, OUT plans bigint, OUT total_plan_time double precision, OUT min_plan_time double precision, OUT max_plan_time double precision, OUT mean_plan_time double precision, OUT stddev_plan_time double precision, OUT calls bigint, OUT total_exec_time double precision, OUT min_exec_time double precision, OUT max_exec_time double precision, OUT mean_exec_time double precision, OUT stddev_exec_time double precision, OUT rows bigint, OUT shared_blks_hit bigint, OUT shared_blks_read bigint, OUT shared_blks_dirtied bigint, OUT shared_blks_written bigint, OUT local_blks_hit bigint, OUT local_blks_read bigint, OUT local_blks_dirtied bigint, OUT local_blks_written bigint, OUT temp_blks_read bigint, OUT temp_blks_written bigint, OUT shared_blk_read_time double precision, OUT shared_blk_write_time double precision, OUT local_blk_read_time double precision, OUT local_blk_write_time double precision, OUT temp_blk_read_time double precision, OUT temp_blk_write_time double precision, OUT wal_records bigint, OUT wal_fpi bigint, OUT wal_bytes numeric, OUT jit_functions bigint, OUT jit_generation_time double precision, OUT jit_inlining_count bigint, OUT jit_inlining_time double precision, OUT jit_optimization_count bigint, OUT jit_optimization_time double precision, OUT jit_emission_count bigint, OUT jit_emission_time double precision, OUT jit_deform_count bigint, OUT jit_deform_time double precision, OUT stats_since timestamp with time zone, OUT minmax_stats_since timestamp with time zone) TO postgres WITH GRANT OPTION;
GRANT ALL ON FUNCTION extensions.pg_stat_statements(showtext boolean, OUT userid oid, OUT dbid oid, OUT toplevel boolean, OUT queryid bigint, OUT query text, OUT plans bigint, OUT total_plan_time double precision, OUT min_plan_time double precision, OUT max_plan_time double precision, OUT mean_plan_time double precision, OUT stddev_plan_time double precision, OUT calls bigint, OUT total_exec_time double precision, OUT min_exec_time double precision, OUT max_exec_time double precision, OUT mean_exec_time double precision, OUT stddev_exec_time double precision, OUT rows bigint, OUT shared_blks_hit bigint, OUT shared_blks_read bigint, OUT shared_blks_dirtied bigint, OUT shared_blks_written bigint, OUT local_blks_hit bigint, OUT local_blks_read bigint, OUT local_blks_dirtied bigint, OUT local_blks_written bigint, OUT temp_blks_read bigint, OUT temp_blks_written bigint, OUT shared_blk_read_time double precision, OUT shared_blk_write_time double precision, OUT local_blk_read_time double precision, OUT local_blk_write_time double precision, OUT temp_blk_read_time double precision, OUT temp_blk_write_time double precision, OUT wal_records bigint, OUT wal_fpi bigint, OUT wal_bytes numeric, OUT jit_functions bigint, OUT jit_generation_time double precision, OUT jit_inlining_count bigint, OUT jit_inlining_time double precision, OUT jit_optimization_count bigint, OUT jit_optimization_time double precision, OUT jit_emission_count bigint, OUT jit_emission_time double precision, OUT jit_deform_count bigint, OUT jit_deform_time double precision, OUT stats_since timestamp with time zone, OUT minmax_stats_since timestamp with time zone) TO dashboard_user;


--
-- Name: FUNCTION pg_stat_statements_info(OUT dealloc bigint, OUT stats_reset timestamp with time zone); Type: ACL; Schema: extensions; Owner: postgres
--

REVOKE ALL ON FUNCTION extensions.pg_stat_statements_info(OUT dealloc bigint, OUT stats_reset timestamp with time zone) FROM postgres;
GRANT ALL ON FUNCTION extensions.pg_stat_statements_info(OUT dealloc bigint, OUT stats_reset timestamp with time zone) TO postgres WITH GRANT OPTION;
GRANT ALL ON FUNCTION extensions.pg_stat_statements_info(OUT dealloc bigint, OUT stats_reset timestamp with time zone) TO dashboard_user;


--
-- Name: FUNCTION pg_stat_statements_reset(userid oid, dbid oid, queryid bigint, minmax_only boolean); Type: ACL; Schema: extensions; Owner: postgres
--

REVOKE ALL ON FUNCTION extensions.pg_stat_statements_reset(userid oid, dbid oid, queryid bigint, minmax_only boolean) FROM postgres;
GRANT ALL ON FUNCTION extensions.pg_stat_statements_reset(userid oid, dbid oid, queryid bigint, minmax_only boolean) TO postgres WITH GRANT OPTION;
GRANT ALL ON FUNCTION extensions.pg_stat_statements_reset(userid oid, dbid oid, queryid bigint, minmax_only boolean) TO dashboard_user;


--
-- Name: FUNCTION pgp_armor_headers(text, OUT key text, OUT value text); Type: ACL; Schema: extensions; Owner: postgres
--

REVOKE ALL ON FUNCTION extensions.pgp_armor_headers(text, OUT key text, OUT value text) FROM postgres;
GRANT ALL ON FUNCTION extensions.pgp_armor_headers(text, OUT key text, OUT value text) TO postgres WITH GRANT OPTION;
GRANT ALL ON FUNCTION extensions.pgp_armor_headers(text, OUT key text, OUT value text) TO dashboard_user;


--
-- Name: FUNCTION pgp_key_id(bytea); Type: ACL; Schema: extensions; Owner: postgres
--

REVOKE ALL ON FUNCTION extensions.pgp_key_id(bytea) FROM postgres;
GRANT ALL ON FUNCTION extensions.pgp_key_id(bytea) TO postgres WITH GRANT OPTION;
GRANT ALL ON FUNCTION extensions.pgp_key_id(bytea) TO dashboard_user;


--
-- Name: FUNCTION pgp_pub_decrypt(bytea, bytea); Type: ACL; Schema: extensions; Owner: postgres
--

REVOKE ALL ON FUNCTION extensions.pgp_pub_decrypt(bytea, bytea) FROM postgres;
GRANT ALL ON FUNCTION extensions.pgp_pub_decrypt(bytea, bytea) TO postgres WITH GRANT OPTION;
GRANT ALL ON FUNCTION extensions.pgp_pub_decrypt(bytea, bytea) TO dashboard_user;


--
-- Name: FUNCTION pgp_pub_decrypt(bytea, bytea, text); Type: ACL; Schema: extensions; Owner: postgres
--

REVOKE ALL ON FUNCTION extensions.pgp_pub_decrypt(bytea, bytea, text) FROM postgres;
GRANT ALL ON FUNCTION extensions.pgp_pub_decrypt(bytea, bytea, text) TO postgres WITH GRANT OPTION;
GRANT ALL ON FUNCTION extensions.pgp_pub_decrypt(bytea, bytea, text) TO dashboard_user;


--
-- Name: FUNCTION pgp_pub_decrypt(bytea, bytea, text, text); Type: ACL; Schema: extensions; Owner: postgres
--

REVOKE ALL ON FUNCTION extensions.pgp_pub_decrypt(bytea, bytea, text, text) FROM postgres;
GRANT ALL ON FUNCTION extensions.pgp_pub_decrypt(bytea, bytea, text, text) TO postgres WITH GRANT OPTION;
GRANT ALL ON FUNCTION extensions.pgp_pub_decrypt(bytea, bytea, text, text) TO dashboard_user;


--
-- Name: FUNCTION pgp_pub_decrypt_bytea(bytea, bytea); Type: ACL; Schema: extensions; Owner: postgres
--

REVOKE ALL ON FUNCTION extensions.pgp_pub_decrypt_bytea(bytea, bytea) FROM postgres;
GRANT ALL ON FUNCTION extensions.pgp_pub_decrypt_bytea(bytea, bytea) TO postgres WITH GRANT OPTION;
GRANT ALL ON FUNCTION extensions.pgp_pub_decrypt_bytea(bytea, bytea) TO dashboard_user;


--
-- Name: FUNCTION pgp_pub_decrypt_bytea(bytea, bytea, text); Type: ACL; Schema: extensions; Owner: postgres
--

REVOKE ALL ON FUNCTION extensions.pgp_pub_decrypt_bytea(bytea, bytea, text) FROM postgres;
GRANT ALL ON FUNCTION extensions.pgp_pub_decrypt_bytea(bytea, bytea, text) TO postgres WITH GRANT OPTION;
GRANT ALL ON FUNCTION extensions.pgp_pub_decrypt_bytea(bytea, bytea, text) TO dashboard_user;


--
-- Name: FUNCTION pgp_pub_decrypt_bytea(bytea, bytea, text, text); Type: ACL; Schema: extensions; Owner: postgres
--

REVOKE ALL ON FUNCTION extensions.pgp_pub_decrypt_bytea(bytea, bytea, text, text) FROM postgres;
GRANT ALL ON FUNCTION extensions.pgp_pub_decrypt_bytea(bytea, bytea, text, text) TO postgres WITH GRANT OPTION;
GRANT ALL ON FUNCTION extensions.pgp_pub_decrypt_bytea(bytea, bytea, text, text) TO dashboard_user;


--
-- Name: FUNCTION pgp_pub_encrypt(text, bytea); Type: ACL; Schema: extensions; Owner: postgres
--

REVOKE ALL ON FUNCTION extensions.pgp_pub_encrypt(text, bytea) FROM postgres;
GRANT ALL ON FUNCTION extensions.pgp_pub_encrypt(text, bytea) TO postgres WITH GRANT OPTION;
GRANT ALL ON FUNCTION extensions.pgp_pub_encrypt(text, bytea) TO dashboard_user;


--
-- Name: FUNCTION pgp_pub_encrypt(text, bytea, text); Type: ACL; Schema: extensions; Owner: postgres
--

REVOKE ALL ON FUNCTION extensions.pgp_pub_encrypt(text, bytea, text) FROM postgres;
GRANT ALL ON FUNCTION extensions.pgp_pub_encrypt(text, bytea, text) TO postgres WITH GRANT OPTION;
GRANT ALL ON FUNCTION extensions.pgp_pub_encrypt(text, bytea, text) TO dashboard_user;


--
-- Name: FUNCTION pgp_pub_encrypt_bytea(bytea, bytea); Type: ACL; Schema: extensions; Owner: postgres
--

REVOKE ALL ON FUNCTION extensions.pgp_pub_encrypt_bytea(bytea, bytea) FROM postgres;
GRANT ALL ON FUNCTION extensions.pgp_pub_encrypt_bytea(bytea, bytea) TO postgres WITH GRANT OPTION;
GRANT ALL ON FUNCTION extensions.pgp_pub_encrypt_bytea(bytea, bytea) TO dashboard_user;


--
-- Name: FUNCTION pgp_pub_encrypt_bytea(bytea, bytea, text); Type: ACL; Schema: extensions; Owner: postgres
--

REVOKE ALL ON FUNCTION extensions.pgp_pub_encrypt_bytea(bytea, bytea, text) FROM postgres;
GRANT ALL ON FUNCTION extensions.pgp_pub_encrypt_bytea(bytea, bytea, text) TO postgres WITH GRANT OPTION;
GRANT ALL ON FUNCTION extensions.pgp_pub_encrypt_bytea(bytea, bytea, text) TO dashboard_user;


--
-- Name: FUNCTION pgp_sym_decrypt(bytea, text); Type: ACL; Schema: extensions; Owner: postgres
--

REVOKE ALL ON FUNCTION extensions.pgp_sym_decrypt(bytea, text) FROM postgres;
GRANT ALL ON FUNCTION extensions.pgp_sym_decrypt(bytea, text) TO postgres WITH GRANT OPTION;
GRANT ALL ON FUNCTION extensions.pgp_sym_decrypt(bytea, text) TO dashboard_user;


--
-- Name: FUNCTION pgp_sym_decrypt(bytea, text, text); Type: ACL; Schema: extensions; Owner: postgres
--

REVOKE ALL ON FUNCTION extensions.pgp_sym_decrypt(bytea, text, text) FROM postgres;
GRANT ALL ON FUNCTION extensions.pgp_sym_decrypt(bytea, text, text) TO postgres WITH GRANT OPTION;
GRANT ALL ON FUNCTION extensions.pgp_sym_decrypt(bytea, text, text) TO dashboard_user;


--
-- Name: FUNCTION pgp_sym_decrypt_bytea(bytea, text); Type: ACL; Schema: extensions; Owner: postgres
--

REVOKE ALL ON FUNCTION extensions.pgp_sym_decrypt_bytea(bytea, text) FROM postgres;
GRANT ALL ON FUNCTION extensions.pgp_sym_decrypt_bytea(bytea, text) TO postgres WITH GRANT OPTION;
GRANT ALL ON FUNCTION extensions.pgp_sym_decrypt_bytea(bytea, text) TO dashboard_user;


--
-- Name: FUNCTION pgp_sym_decrypt_bytea(bytea, text, text); Type: ACL; Schema: extensions; Owner: postgres
--

REVOKE ALL ON FUNCTION extensions.pgp_sym_decrypt_bytea(bytea, text, text) FROM postgres;
GRANT ALL ON FUNCTION extensions.pgp_sym_decrypt_bytea(bytea, text, text) TO postgres WITH GRANT OPTION;
GRANT ALL ON FUNCTION extensions.pgp_sym_decrypt_bytea(bytea, text, text) TO dashboard_user;


--
-- Name: FUNCTION pgp_sym_encrypt(text, text); Type: ACL; Schema: extensions; Owner: postgres
--

REVOKE ALL ON FUNCTION extensions.pgp_sym_encrypt(text, text) FROM postgres;
GRANT ALL ON FUNCTION extensions.pgp_sym_encrypt(text, text) TO postgres WITH GRANT OPTION;
GRANT ALL ON FUNCTION extensions.pgp_sym_encrypt(text, text) TO dashboard_user;


--
-- Name: FUNCTION pgp_sym_encrypt(text, text, text); Type: ACL; Schema: extensions; Owner: postgres
--

REVOKE ALL ON FUNCTION extensions.pgp_sym_encrypt(text, text, text) FROM postgres;
GRANT ALL ON FUNCTION extensions.pgp_sym_encrypt(text, text, text) TO postgres WITH GRANT OPTION;
GRANT ALL ON FUNCTION extensions.pgp_sym_encrypt(text, text, text) TO dashboard_user;


--
-- Name: FUNCTION pgp_sym_encrypt_bytea(bytea, text); Type: ACL; Schema: extensions; Owner: postgres
--

REVOKE ALL ON FUNCTION extensions.pgp_sym_encrypt_bytea(bytea, text) FROM postgres;
GRANT ALL ON FUNCTION extensions.pgp_sym_encrypt_bytea(bytea, text) TO postgres WITH GRANT OPTION;
GRANT ALL ON FUNCTION extensions.pgp_sym_encrypt_bytea(bytea, text) TO dashboard_user;


--
-- Name: FUNCTION pgp_sym_encrypt_bytea(bytea, text, text); Type: ACL; Schema: extensions; Owner: postgres
--

REVOKE ALL ON FUNCTION extensions.pgp_sym_encrypt_bytea(bytea, text, text) FROM postgres;
GRANT ALL ON FUNCTION extensions.pgp_sym_encrypt_bytea(bytea, text, text) TO postgres WITH GRANT OPTION;
GRANT ALL ON FUNCTION extensions.pgp_sym_encrypt_bytea(bytea, text, text) TO dashboard_user;


--
-- Name: FUNCTION pgrst_ddl_watch(); Type: ACL; Schema: extensions; Owner: supabase_admin
--

GRANT ALL ON FUNCTION extensions.pgrst_ddl_watch() TO postgres WITH GRANT OPTION;


--
-- Name: FUNCTION pgrst_drop_watch(); Type: ACL; Schema: extensions; Owner: supabase_admin
--

GRANT ALL ON FUNCTION extensions.pgrst_drop_watch() TO postgres WITH GRANT OPTION;


--
-- Name: FUNCTION set_graphql_placeholder(); Type: ACL; Schema: extensions; Owner: supabase_admin
--

GRANT ALL ON FUNCTION extensions.set_graphql_placeholder() TO postgres WITH GRANT OPTION;


--
-- Name: FUNCTION uuid_generate_v1(); Type: ACL; Schema: extensions; Owner: postgres
--

REVOKE ALL ON FUNCTION extensions.uuid_generate_v1() FROM postgres;
GRANT ALL ON FUNCTION extensions.uuid_generate_v1() TO postgres WITH GRANT OPTION;
GRANT ALL ON FUNCTION extensions.uuid_generate_v1() TO dashboard_user;


--
-- Name: FUNCTION uuid_generate_v1mc(); Type: ACL; Schema: extensions; Owner: postgres
--

REVOKE ALL ON FUNCTION extensions.uuid_generate_v1mc() FROM postgres;
GRANT ALL ON FUNCTION extensions.uuid_generate_v1mc() TO postgres WITH GRANT OPTION;
GRANT ALL ON FUNCTION extensions.uuid_generate_v1mc() TO dashboard_user;


--
-- Name: FUNCTION uuid_generate_v3(namespace uuid, name text); Type: ACL; Schema: extensions; Owner: postgres
--

REVOKE ALL ON FUNCTION extensions.uuid_generate_v3(namespace uuid, name text) FROM postgres;
GRANT ALL ON FUNCTION extensions.uuid_generate_v3(namespace uuid, name text) TO postgres WITH GRANT OPTION;
GRANT ALL ON FUNCTION extensions.uuid_generate_v3(namespace uuid, name text) TO dashboard_user;


--
-- Name: FUNCTION uuid_generate_v4(); Type: ACL; Schema: extensions; Owner: postgres
--

REVOKE ALL ON FUNCTION extensions.uuid_generate_v4() FROM postgres;
GRANT ALL ON FUNCTION extensions.uuid_generate_v4() TO postgres WITH GRANT OPTION;
GRANT ALL ON FUNCTION extensions.uuid_generate_v4() TO dashboard_user;


--
-- Name: FUNCTION uuid_generate_v5(namespace uuid, name text); Type: ACL; Schema: extensions; Owner: postgres
--

REVOKE ALL ON FUNCTION extensions.uuid_generate_v5(namespace uuid, name text) FROM postgres;
GRANT ALL ON FUNCTION extensions.uuid_generate_v5(namespace uuid, name text) TO postgres WITH GRANT OPTION;
GRANT ALL ON FUNCTION extensions.uuid_generate_v5(namespace uuid, name text) TO dashboard_user;


--
-- Name: FUNCTION uuid_nil(); Type: ACL; Schema: extensions; Owner: postgres
--

REVOKE ALL ON FUNCTION extensions.uuid_nil() FROM postgres;
GRANT ALL ON FUNCTION extensions.uuid_nil() TO postgres WITH GRANT OPTION;
GRANT ALL ON FUNCTION extensions.uuid_nil() TO dashboard_user;


--
-- Name: FUNCTION uuid_ns_dns(); Type: ACL; Schema: extensions; Owner: postgres
--

REVOKE ALL ON FUNCTION extensions.uuid_ns_dns() FROM postgres;
GRANT ALL ON FUNCTION extensions.uuid_ns_dns() TO postgres WITH GRANT OPTION;
GRANT ALL ON FUNCTION extensions.uuid_ns_dns() TO dashboard_user;


--
-- Name: FUNCTION uuid_ns_oid(); Type: ACL; Schema: extensions; Owner: postgres
--

REVOKE ALL ON FUNCTION extensions.uuid_ns_oid() FROM postgres;
GRANT ALL ON FUNCTION extensions.uuid_ns_oid() TO postgres WITH GRANT OPTION;
GRANT ALL ON FUNCTION extensions.uuid_ns_oid() TO dashboard_user;


--
-- Name: FUNCTION uuid_ns_url(); Type: ACL; Schema: extensions; Owner: postgres
--

REVOKE ALL ON FUNCTION extensions.uuid_ns_url() FROM postgres;
GRANT ALL ON FUNCTION extensions.uuid_ns_url() TO postgres WITH GRANT OPTION;
GRANT ALL ON FUNCTION extensions.uuid_ns_url() TO dashboard_user;


--
-- Name: FUNCTION uuid_ns_x500(); Type: ACL; Schema: extensions; Owner: postgres
--

REVOKE ALL ON FUNCTION extensions.uuid_ns_x500() FROM postgres;
GRANT ALL ON FUNCTION extensions.uuid_ns_x500() TO postgres WITH GRANT OPTION;
GRANT ALL ON FUNCTION extensions.uuid_ns_x500() TO dashboard_user;


--
-- Name: FUNCTION graphql("operationName" text, query text, variables jsonb, extensions jsonb); Type: ACL; Schema: graphql_public; Owner: supabase_admin
--

GRANT ALL ON FUNCTION graphql_public.graphql("operationName" text, query text, variables jsonb, extensions jsonb) TO postgres;
GRANT ALL ON FUNCTION graphql_public.graphql("operationName" text, query text, variables jsonb, extensions jsonb) TO anon;
GRANT ALL ON FUNCTION graphql_public.graphql("operationName" text, query text, variables jsonb, extensions jsonb) TO authenticated;
GRANT ALL ON FUNCTION graphql_public.graphql("operationName" text, query text, variables jsonb, extensions jsonb) TO service_role;


--
-- Name: FUNCTION pg_reload_conf(); Type: ACL; Schema: pg_catalog; Owner: supabase_admin
--

GRANT ALL ON FUNCTION pg_catalog.pg_reload_conf() TO postgres WITH GRANT OPTION;


--
-- Name: FUNCTION get_auth(p_usename text); Type: ACL; Schema: pgbouncer; Owner: supabase_admin
--

REVOKE ALL ON FUNCTION pgbouncer.get_auth(p_usename text) FROM PUBLIC;
GRANT ALL ON FUNCTION pgbouncer.get_auth(p_usename text) TO pgbouncer;


--
-- Name: FUNCTION apply_rls(wal jsonb, max_record_bytes integer); Type: ACL; Schema: realtime; Owner: supabase_admin
--

GRANT ALL ON FUNCTION realtime.apply_rls(wal jsonb, max_record_bytes integer) TO postgres;
GRANT ALL ON FUNCTION realtime.apply_rls(wal jsonb, max_record_bytes integer) TO dashboard_user;
GRANT ALL ON FUNCTION realtime.apply_rls(wal jsonb, max_record_bytes integer) TO anon;
GRANT ALL ON FUNCTION realtime.apply_rls(wal jsonb, max_record_bytes integer) TO authenticated;
GRANT ALL ON FUNCTION realtime.apply_rls(wal jsonb, max_record_bytes integer) TO service_role;
GRANT ALL ON FUNCTION realtime.apply_rls(wal jsonb, max_record_bytes integer) TO supabase_realtime_admin;


--
-- Name: FUNCTION broadcast_changes(topic_name text, event_name text, operation text, table_name text, table_schema text, new record, old record, level text); Type: ACL; Schema: realtime; Owner: supabase_admin
--

GRANT ALL ON FUNCTION realtime.broadcast_changes(topic_name text, event_name text, operation text, table_name text, table_schema text, new record, old record, level text) TO postgres;
GRANT ALL ON FUNCTION realtime.broadcast_changes(topic_name text, event_name text, operation text, table_name text, table_schema text, new record, old record, level text) TO dashboard_user;


--
-- Name: FUNCTION build_prepared_statement_sql(prepared_statement_name text, entity regclass, columns realtime.wal_column[]); Type: ACL; Schema: realtime; Owner: supabase_admin
--

GRANT ALL ON FUNCTION realtime.build_prepared_statement_sql(prepared_statement_name text, entity regclass, columns realtime.wal_column[]) TO postgres;
GRANT ALL ON FUNCTION realtime.build_prepared_statement_sql(prepared_statement_name text, entity regclass, columns realtime.wal_column[]) TO dashboard_user;
GRANT ALL ON FUNCTION realtime.build_prepared_statement_sql(prepared_statement_name text, entity regclass, columns realtime.wal_column[]) TO anon;
GRANT ALL ON FUNCTION realtime.build_prepared_statement_sql(prepared_statement_name text, entity regclass, columns realtime.wal_column[]) TO authenticated;
GRANT ALL ON FUNCTION realtime.build_prepared_statement_sql(prepared_statement_name text, entity regclass, columns realtime.wal_column[]) TO service_role;
GRANT ALL ON FUNCTION realtime.build_prepared_statement_sql(prepared_statement_name text, entity regclass, columns realtime.wal_column[]) TO supabase_realtime_admin;


--
-- Name: FUNCTION "cast"(val text, type_ regtype); Type: ACL; Schema: realtime; Owner: supabase_admin
--

GRANT ALL ON FUNCTION realtime."cast"(val text, type_ regtype) TO postgres;
GRANT ALL ON FUNCTION realtime."cast"(val text, type_ regtype) TO dashboard_user;
GRANT ALL ON FUNCTION realtime."cast"(val text, type_ regtype) TO anon;
GRANT ALL ON FUNCTION realtime."cast"(val text, type_ regtype) TO authenticated;
GRANT ALL ON FUNCTION realtime."cast"(val text, type_ regtype) TO service_role;
GRANT ALL ON FUNCTION realtime."cast"(val text, type_ regtype) TO supabase_realtime_admin;


--
-- Name: FUNCTION check_equality_op(op realtime.equality_op, type_ regtype, val_1 text, val_2 text); Type: ACL; Schema: realtime; Owner: supabase_admin
--

GRANT ALL ON FUNCTION realtime.check_equality_op(op realtime.equality_op, type_ regtype, val_1 text, val_2 text) TO postgres;
GRANT ALL ON FUNCTION realtime.check_equality_op(op realtime.equality_op, type_ regtype, val_1 text, val_2 text) TO dashboard_user;
GRANT ALL ON FUNCTION realtime.check_equality_op(op realtime.equality_op, type_ regtype, val_1 text, val_2 text) TO anon;
GRANT ALL ON FUNCTION realtime.check_equality_op(op realtime.equality_op, type_ regtype, val_1 text, val_2 text) TO authenticated;
GRANT ALL ON FUNCTION realtime.check_equality_op(op realtime.equality_op, type_ regtype, val_1 text, val_2 text) TO service_role;
GRANT ALL ON FUNCTION realtime.check_equality_op(op realtime.equality_op, type_ regtype, val_1 text, val_2 text) TO supabase_realtime_admin;


--
-- Name: FUNCTION is_visible_through_filters(columns realtime.wal_column[], filters realtime.user_defined_filter[]); Type: ACL; Schema: realtime; Owner: supabase_admin
--

GRANT ALL ON FUNCTION realtime.is_visible_through_filters(columns realtime.wal_column[], filters realtime.user_defined_filter[]) TO postgres;
GRANT ALL ON FUNCTION realtime.is_visible_through_filters(columns realtime.wal_column[], filters realtime.user_defined_filter[]) TO dashboard_user;
GRANT ALL ON FUNCTION realtime.is_visible_through_filters(columns realtime.wal_column[], filters realtime.user_defined_filter[]) TO anon;
GRANT ALL ON FUNCTION realtime.is_visible_through_filters(columns realtime.wal_column[], filters realtime.user_defined_filter[]) TO authenticated;
GRANT ALL ON FUNCTION realtime.is_visible_through_filters(columns realtime.wal_column[], filters realtime.user_defined_filter[]) TO service_role;
GRANT ALL ON FUNCTION realtime.is_visible_through_filters(columns realtime.wal_column[], filters realtime.user_defined_filter[]) TO supabase_realtime_admin;


--
-- Name: FUNCTION list_changes(publication name, slot_name name, max_changes integer, max_record_bytes integer); Type: ACL; Schema: realtime; Owner: supabase_admin
--

GRANT ALL ON FUNCTION realtime.list_changes(publication name, slot_name name, max_changes integer, max_record_bytes integer) TO postgres;
GRANT ALL ON FUNCTION realtime.list_changes(publication name, slot_name name, max_changes integer, max_record_bytes integer) TO dashboard_user;
GRANT ALL ON FUNCTION realtime.list_changes(publication name, slot_name name, max_changes integer, max_record_bytes integer) TO anon;
GRANT ALL ON FUNCTION realtime.list_changes(publication name, slot_name name, max_changes integer, max_record_bytes integer) TO authenticated;
GRANT ALL ON FUNCTION realtime.list_changes(publication name, slot_name name, max_changes integer, max_record_bytes integer) TO service_role;
GRANT ALL ON FUNCTION realtime.list_changes(publication name, slot_name name, max_changes integer, max_record_bytes integer) TO supabase_realtime_admin;


--
-- Name: FUNCTION quote_wal2json(entity regclass); Type: ACL; Schema: realtime; Owner: supabase_admin
--

GRANT ALL ON FUNCTION realtime.quote_wal2json(entity regclass) TO postgres;
GRANT ALL ON FUNCTION realtime.quote_wal2json(entity regclass) TO dashboard_user;
GRANT ALL ON FUNCTION realtime.quote_wal2json(entity regclass) TO anon;
GRANT ALL ON FUNCTION realtime.quote_wal2json(entity regclass) TO authenticated;
GRANT ALL ON FUNCTION realtime.quote_wal2json(entity regclass) TO service_role;
GRANT ALL ON FUNCTION realtime.quote_wal2json(entity regclass) TO supabase_realtime_admin;


--
-- Name: FUNCTION send(payload jsonb, event text, topic text, private boolean); Type: ACL; Schema: realtime; Owner: supabase_admin
--

GRANT ALL ON FUNCTION realtime.send(payload jsonb, event text, topic text, private boolean) TO postgres;
GRANT ALL ON FUNCTION realtime.send(payload jsonb, event text, topic text, private boolean) TO dashboard_user;


--
-- Name: FUNCTION subscription_check_filters(); Type: ACL; Schema: realtime; Owner: supabase_admin
--

GRANT ALL ON FUNCTION realtime.subscription_check_filters() TO postgres;
GRANT ALL ON FUNCTION realtime.subscription_check_filters() TO dashboard_user;
GRANT ALL ON FUNCTION realtime.subscription_check_filters() TO anon;
GRANT ALL ON FUNCTION realtime.subscription_check_filters() TO authenticated;
GRANT ALL ON FUNCTION realtime.subscription_check_filters() TO service_role;
GRANT ALL ON FUNCTION realtime.subscription_check_filters() TO supabase_realtime_admin;


--
-- Name: FUNCTION to_regrole(role_name text); Type: ACL; Schema: realtime; Owner: supabase_admin
--

GRANT ALL ON FUNCTION realtime.to_regrole(role_name text) TO postgres;
GRANT ALL ON FUNCTION realtime.to_regrole(role_name text) TO dashboard_user;
GRANT ALL ON FUNCTION realtime.to_regrole(role_name text) TO anon;
GRANT ALL ON FUNCTION realtime.to_regrole(role_name text) TO authenticated;
GRANT ALL ON FUNCTION realtime.to_regrole(role_name text) TO service_role;
GRANT ALL ON FUNCTION realtime.to_regrole(role_name text) TO supabase_realtime_admin;


--
-- Name: FUNCTION topic(); Type: ACL; Schema: realtime; Owner: supabase_realtime_admin
--

GRANT ALL ON FUNCTION realtime.topic() TO postgres;
GRANT ALL ON FUNCTION realtime.topic() TO dashboard_user;


--
-- Name: FUNCTION _crypto_aead_det_decrypt(message bytea, additional bytea, key_id bigint, context bytea, nonce bytea); Type: ACL; Schema: vault; Owner: supabase_admin
--

GRANT ALL ON FUNCTION vault._crypto_aead_det_decrypt(message bytea, additional bytea, key_id bigint, context bytea, nonce bytea) TO postgres WITH GRANT OPTION;
GRANT ALL ON FUNCTION vault._crypto_aead_det_decrypt(message bytea, additional bytea, key_id bigint, context bytea, nonce bytea) TO service_role;


--
-- Name: FUNCTION create_secret(new_secret text, new_name text, new_description text, new_key_id uuid); Type: ACL; Schema: vault; Owner: supabase_admin
--

GRANT ALL ON FUNCTION vault.create_secret(new_secret text, new_name text, new_description text, new_key_id uuid) TO postgres WITH GRANT OPTION;
GRANT ALL ON FUNCTION vault.create_secret(new_secret text, new_name text, new_description text, new_key_id uuid) TO service_role;


--
-- Name: FUNCTION update_secret(secret_id uuid, new_secret text, new_name text, new_description text, new_key_id uuid); Type: ACL; Schema: vault; Owner: supabase_admin
--

GRANT ALL ON FUNCTION vault.update_secret(secret_id uuid, new_secret text, new_name text, new_description text, new_key_id uuid) TO postgres WITH GRANT OPTION;
GRANT ALL ON FUNCTION vault.update_secret(secret_id uuid, new_secret text, new_name text, new_description text, new_key_id uuid) TO service_role;


--
-- Name: TABLE audit_log_entries; Type: ACL; Schema: auth; Owner: supabase_auth_admin
--

GRANT ALL ON TABLE auth.audit_log_entries TO dashboard_user;
GRANT INSERT,REFERENCES,DELETE,TRIGGER,TRUNCATE,MAINTAIN,UPDATE ON TABLE auth.audit_log_entries TO postgres;
GRANT SELECT ON TABLE auth.audit_log_entries TO postgres WITH GRANT OPTION;
SET SESSION AUTHORIZATION postgres;
GRANT SELECT ON TABLE auth.audit_log_entries TO postgres;
RESET SESSION AUTHORIZATION;
SET SESSION AUTHORIZATION postgres;
GRANT SELECT ON TABLE auth.audit_log_entries TO service_role;
RESET SESSION AUTHORIZATION;


--
-- Name: TABLE flow_state; Type: ACL; Schema: auth; Owner: supabase_auth_admin
--

GRANT INSERT,REFERENCES,DELETE,TRIGGER,TRUNCATE,MAINTAIN,UPDATE ON TABLE auth.flow_state TO postgres;
GRANT SELECT ON TABLE auth.flow_state TO postgres WITH GRANT OPTION;
GRANT ALL ON TABLE auth.flow_state TO dashboard_user;
SET SESSION AUTHORIZATION postgres;
GRANT SELECT ON TABLE auth.flow_state TO postgres;
RESET SESSION AUTHORIZATION;
SET SESSION AUTHORIZATION postgres;
GRANT SELECT ON TABLE auth.flow_state TO service_role;
RESET SESSION AUTHORIZATION;


--
-- Name: TABLE identities; Type: ACL; Schema: auth; Owner: supabase_auth_admin
--

GRANT INSERT,REFERENCES,DELETE,TRIGGER,TRUNCATE,MAINTAIN,UPDATE ON TABLE auth.identities TO postgres;
GRANT SELECT ON TABLE auth.identities TO postgres WITH GRANT OPTION;
GRANT ALL ON TABLE auth.identities TO dashboard_user;
SET SESSION AUTHORIZATION postgres;
GRANT SELECT ON TABLE auth.identities TO postgres;
RESET SESSION AUTHORIZATION;
SET SESSION AUTHORIZATION postgres;
GRANT SELECT ON TABLE auth.identities TO service_role;
RESET SESSION AUTHORIZATION;


--
-- Name: TABLE instances; Type: ACL; Schema: auth; Owner: supabase_auth_admin
--

GRANT ALL ON TABLE auth.instances TO dashboard_user;
GRANT INSERT,REFERENCES,DELETE,TRIGGER,TRUNCATE,MAINTAIN,UPDATE ON TABLE auth.instances TO postgres;
GRANT SELECT ON TABLE auth.instances TO postgres WITH GRANT OPTION;
SET SESSION AUTHORIZATION postgres;
GRANT SELECT ON TABLE auth.instances TO postgres;
RESET SESSION AUTHORIZATION;
SET SESSION AUTHORIZATION postgres;
GRANT SELECT ON TABLE auth.instances TO service_role;
RESET SESSION AUTHORIZATION;


--
-- Name: TABLE mfa_amr_claims; Type: ACL; Schema: auth; Owner: supabase_auth_admin
--

GRANT INSERT,REFERENCES,DELETE,TRIGGER,TRUNCATE,MAINTAIN,UPDATE ON TABLE auth.mfa_amr_claims TO postgres;
GRANT SELECT ON TABLE auth.mfa_amr_claims TO postgres WITH GRANT OPTION;
GRANT ALL ON TABLE auth.mfa_amr_claims TO dashboard_user;
SET SESSION AUTHORIZATION postgres;
GRANT SELECT ON TABLE auth.mfa_amr_claims TO postgres;
RESET SESSION AUTHORIZATION;
SET SESSION AUTHORIZATION postgres;
GRANT SELECT ON TABLE auth.mfa_amr_claims TO service_role;
RESET SESSION AUTHORIZATION;


--
-- Name: TABLE mfa_challenges; Type: ACL; Schema: auth; Owner: supabase_auth_admin
--

GRANT INSERT,REFERENCES,DELETE,TRIGGER,TRUNCATE,MAINTAIN,UPDATE ON TABLE auth.mfa_challenges TO postgres;
GRANT SELECT ON TABLE auth.mfa_challenges TO postgres WITH GRANT OPTION;
GRANT ALL ON TABLE auth.mfa_challenges TO dashboard_user;
SET SESSION AUTHORIZATION postgres;
GRANT SELECT ON TABLE auth.mfa_challenges TO postgres;
RESET SESSION AUTHORIZATION;
SET SESSION AUTHORIZATION postgres;
GRANT SELECT ON TABLE auth.mfa_challenges TO service_role;
RESET SESSION AUTHORIZATION;


--
-- Name: TABLE mfa_factors; Type: ACL; Schema: auth; Owner: supabase_auth_admin
--

GRANT INSERT,REFERENCES,DELETE,TRIGGER,TRUNCATE,MAINTAIN,UPDATE ON TABLE auth.mfa_factors TO postgres;
GRANT SELECT ON TABLE auth.mfa_factors TO postgres WITH GRANT OPTION;
GRANT ALL ON TABLE auth.mfa_factors TO dashboard_user;
SET SESSION AUTHORIZATION postgres;
GRANT SELECT ON TABLE auth.mfa_factors TO postgres;
RESET SESSION AUTHORIZATION;
SET SESSION AUTHORIZATION postgres;
GRANT SELECT ON TABLE auth.mfa_factors TO service_role;
RESET SESSION AUTHORIZATION;


--
-- Name: TABLE oauth_authorizations; Type: ACL; Schema: auth; Owner: supabase_auth_admin
--

GRANT ALL ON TABLE auth.oauth_authorizations TO postgres;
GRANT ALL ON TABLE auth.oauth_authorizations TO dashboard_user;


--
-- Name: TABLE oauth_client_states; Type: ACL; Schema: auth; Owner: supabase_auth_admin
--

GRANT ALL ON TABLE auth.oauth_client_states TO postgres;
GRANT ALL ON TABLE auth.oauth_client_states TO dashboard_user;


--
-- Name: TABLE oauth_clients; Type: ACL; Schema: auth; Owner: supabase_auth_admin
--

GRANT ALL ON TABLE auth.oauth_clients TO postgres;
GRANT ALL ON TABLE auth.oauth_clients TO dashboard_user;


--
-- Name: TABLE oauth_consents; Type: ACL; Schema: auth; Owner: supabase_auth_admin
--

GRANT ALL ON TABLE auth.oauth_consents TO postgres;
GRANT ALL ON TABLE auth.oauth_consents TO dashboard_user;


--
-- Name: TABLE one_time_tokens; Type: ACL; Schema: auth; Owner: supabase_auth_admin
--

GRANT INSERT,REFERENCES,DELETE,TRIGGER,TRUNCATE,MAINTAIN,UPDATE ON TABLE auth.one_time_tokens TO postgres;
GRANT SELECT ON TABLE auth.one_time_tokens TO postgres WITH GRANT OPTION;
GRANT ALL ON TABLE auth.one_time_tokens TO dashboard_user;
SET SESSION AUTHORIZATION postgres;
GRANT SELECT ON TABLE auth.one_time_tokens TO postgres;
RESET SESSION AUTHORIZATION;
SET SESSION AUTHORIZATION postgres;
GRANT SELECT ON TABLE auth.one_time_tokens TO service_role;
RESET SESSION AUTHORIZATION;


--
-- Name: TABLE refresh_tokens; Type: ACL; Schema: auth; Owner: supabase_auth_admin
--

GRANT ALL ON TABLE auth.refresh_tokens TO dashboard_user;
GRANT INSERT,REFERENCES,DELETE,TRIGGER,TRUNCATE,MAINTAIN,UPDATE ON TABLE auth.refresh_tokens TO postgres;
GRANT SELECT ON TABLE auth.refresh_tokens TO postgres WITH GRANT OPTION;
SET SESSION AUTHORIZATION postgres;
GRANT SELECT ON TABLE auth.refresh_tokens TO postgres;
RESET SESSION AUTHORIZATION;
SET SESSION AUTHORIZATION postgres;
GRANT SELECT ON TABLE auth.refresh_tokens TO service_role;
RESET SESSION AUTHORIZATION;


--
-- Name: SEQUENCE refresh_tokens_id_seq; Type: ACL; Schema: auth; Owner: supabase_auth_admin
--

GRANT ALL ON SEQUENCE auth.refresh_tokens_id_seq TO dashboard_user;
GRANT ALL ON SEQUENCE auth.refresh_tokens_id_seq TO postgres;


--
-- Name: TABLE saml_providers; Type: ACL; Schema: auth; Owner: supabase_auth_admin
--

GRANT INSERT,REFERENCES,DELETE,TRIGGER,TRUNCATE,MAINTAIN,UPDATE ON TABLE auth.saml_providers TO postgres;
GRANT SELECT ON TABLE auth.saml_providers TO postgres WITH GRANT OPTION;
GRANT ALL ON TABLE auth.saml_providers TO dashboard_user;
SET SESSION AUTHORIZATION postgres;
GRANT SELECT ON TABLE auth.saml_providers TO postgres;
RESET SESSION AUTHORIZATION;
SET SESSION AUTHORIZATION postgres;
GRANT SELECT ON TABLE auth.saml_providers TO service_role;
RESET SESSION AUTHORIZATION;


--
-- Name: TABLE saml_relay_states; Type: ACL; Schema: auth; Owner: supabase_auth_admin
--

GRANT INSERT,REFERENCES,DELETE,TRIGGER,TRUNCATE,MAINTAIN,UPDATE ON TABLE auth.saml_relay_states TO postgres;
GRANT SELECT ON TABLE auth.saml_relay_states TO postgres WITH GRANT OPTION;
GRANT ALL ON TABLE auth.saml_relay_states TO dashboard_user;
SET SESSION AUTHORIZATION postgres;
GRANT SELECT ON TABLE auth.saml_relay_states TO postgres;
RESET SESSION AUTHORIZATION;
SET SESSION AUTHORIZATION postgres;
GRANT SELECT ON TABLE auth.saml_relay_states TO service_role;
RESET SESSION AUTHORIZATION;


--
-- Name: TABLE schema_migrations; Type: ACL; Schema: auth; Owner: supabase_auth_admin
--

GRANT SELECT ON TABLE auth.schema_migrations TO postgres WITH GRANT OPTION;
SET SESSION AUTHORIZATION postgres;
GRANT SELECT ON TABLE auth.schema_migrations TO postgres;
RESET SESSION AUTHORIZATION;
SET SESSION AUTHORIZATION postgres;
GRANT SELECT ON TABLE auth.schema_migrations TO service_role;
RESET SESSION AUTHORIZATION;


--
-- Name: TABLE sessions; Type: ACL; Schema: auth; Owner: supabase_auth_admin
--

GRANT INSERT,REFERENCES,DELETE,TRIGGER,TRUNCATE,MAINTAIN,UPDATE ON TABLE auth.sessions TO postgres;
GRANT SELECT ON TABLE auth.sessions TO postgres WITH GRANT OPTION;
GRANT ALL ON TABLE auth.sessions TO dashboard_user;
SET SESSION AUTHORIZATION postgres;
GRANT SELECT ON TABLE auth.sessions TO postgres;
RESET SESSION AUTHORIZATION;
SET SESSION AUTHORIZATION postgres;
GRANT SELECT ON TABLE auth.sessions TO service_role;
RESET SESSION AUTHORIZATION;


--
-- Name: TABLE sso_domains; Type: ACL; Schema: auth; Owner: supabase_auth_admin
--

GRANT INSERT,REFERENCES,DELETE,TRIGGER,TRUNCATE,MAINTAIN,UPDATE ON TABLE auth.sso_domains TO postgres;
GRANT SELECT ON TABLE auth.sso_domains TO postgres WITH GRANT OPTION;
GRANT ALL ON TABLE auth.sso_domains TO dashboard_user;
SET SESSION AUTHORIZATION postgres;
GRANT SELECT ON TABLE auth.sso_domains TO postgres;
RESET SESSION AUTHORIZATION;
SET SESSION AUTHORIZATION postgres;
GRANT SELECT ON TABLE auth.sso_domains TO service_role;
RESET SESSION AUTHORIZATION;


--
-- Name: TABLE sso_providers; Type: ACL; Schema: auth; Owner: supabase_auth_admin
--

GRANT INSERT,REFERENCES,DELETE,TRIGGER,TRUNCATE,MAINTAIN,UPDATE ON TABLE auth.sso_providers TO postgres;
GRANT SELECT ON TABLE auth.sso_providers TO postgres WITH GRANT OPTION;
GRANT ALL ON TABLE auth.sso_providers TO dashboard_user;
SET SESSION AUTHORIZATION postgres;
GRANT SELECT ON TABLE auth.sso_providers TO postgres;
RESET SESSION AUTHORIZATION;
SET SESSION AUTHORIZATION postgres;
GRANT SELECT ON TABLE auth.sso_providers TO service_role;
RESET SESSION AUTHORIZATION;


--
-- Name: TABLE users; Type: ACL; Schema: auth; Owner: supabase_auth_admin
--

GRANT ALL ON TABLE auth.users TO dashboard_user;
GRANT INSERT,REFERENCES,DELETE,TRIGGER,TRUNCATE,MAINTAIN,UPDATE ON TABLE auth.users TO postgres;
GRANT SELECT ON TABLE auth.users TO postgres WITH GRANT OPTION;
SET SESSION AUTHORIZATION postgres;
GRANT SELECT ON TABLE auth.users TO postgres;
RESET SESSION AUTHORIZATION;
SET SESSION AUTHORIZATION postgres;
GRANT SELECT ON TABLE auth.users TO service_role;
RESET SESSION AUTHORIZATION;


--
-- Name: TABLE pg_stat_statements; Type: ACL; Schema: extensions; Owner: postgres
--

REVOKE ALL ON TABLE extensions.pg_stat_statements FROM postgres;
GRANT ALL ON TABLE extensions.pg_stat_statements TO postgres WITH GRANT OPTION;
GRANT ALL ON TABLE extensions.pg_stat_statements TO dashboard_user;


--
-- Name: TABLE pg_stat_statements_info; Type: ACL; Schema: extensions; Owner: postgres
--

REVOKE ALL ON TABLE extensions.pg_stat_statements_info FROM postgres;
GRANT ALL ON TABLE extensions.pg_stat_statements_info TO postgres WITH GRANT OPTION;
GRANT ALL ON TABLE extensions.pg_stat_statements_info TO dashboard_user;


--
-- Name: TABLE matches; Type: ACL; Schema: public; Owner: postgres
--

GRANT ALL ON TABLE public.matches TO anon;
GRANT ALL ON TABLE public.matches TO authenticated;
GRANT ALL ON TABLE public.matches TO service_role;


--
-- Name: TABLE profiles; Type: ACL; Schema: public; Owner: postgres
--

GRANT ALL ON TABLE public.profiles TO anon;
GRANT ALL ON TABLE public.profiles TO authenticated;
GRANT ALL ON TABLE public.profiles TO service_role;


--
-- Name: TABLE clasificacion; Type: ACL; Schema: public; Owner: postgres
--

GRANT ALL ON TABLE public.clasificacion TO anon;
GRANT ALL ON TABLE public.clasificacion TO authenticated;
GRANT ALL ON TABLE public.clasificacion TO service_role;


--
-- Name: TABLE config; Type: ACL; Schema: public; Owner: postgres
--

GRANT ALL ON TABLE public.config TO anon;
GRANT ALL ON TABLE public.config TO authenticated;
GRANT ALL ON TABLE public.config TO service_role;


--
-- Name: SEQUENCE config_id_seq; Type: ACL; Schema: public; Owner: postgres
--

GRANT ALL ON SEQUENCE public.config_id_seq TO anon;
GRANT ALL ON SEQUENCE public.config_id_seq TO authenticated;
GRANT ALL ON SEQUENCE public.config_id_seq TO service_role;


--
-- Name: SEQUENCE matches_id_seq; Type: ACL; Schema: public; Owner: postgres
--

GRANT ALL ON SEQUENCE public.matches_id_seq TO anon;
GRANT ALL ON SEQUENCE public.matches_id_seq TO authenticated;
GRANT ALL ON SEQUENCE public.matches_id_seq TO service_role;


--
-- Name: TABLE partidos_detallados; Type: ACL; Schema: public; Owner: postgres
--

GRANT ALL ON TABLE public.partidos_detallados TO anon;
GRANT ALL ON TABLE public.partidos_detallados TO authenticated;
GRANT ALL ON TABLE public.partidos_detallados TO service_role;


--
-- Name: TABLE playoff_matches; Type: ACL; Schema: public; Owner: postgres
--

GRANT ALL ON TABLE public.playoff_matches TO anon;
GRANT ALL ON TABLE public.playoff_matches TO authenticated;
GRANT ALL ON TABLE public.playoff_matches TO service_role;


--
-- Name: TABLE playoff_matches_detallados; Type: ACL; Schema: public; Owner: postgres
--

GRANT ALL ON TABLE public.playoff_matches_detallados TO anon;
GRANT ALL ON TABLE public.playoff_matches_detallados TO authenticated;
GRANT ALL ON TABLE public.playoff_matches_detallados TO service_role;


--
-- Name: TABLE playoffs; Type: ACL; Schema: public; Owner: postgres
--

GRANT ALL ON TABLE public.playoffs TO anon;
GRANT ALL ON TABLE public.playoffs TO authenticated;
GRANT ALL ON TABLE public.playoffs TO service_role;


--
-- Name: TABLE weeks_schedule; Type: ACL; Schema: public; Owner: postgres
--

GRANT ALL ON TABLE public.weeks_schedule TO anon;
GRANT ALL ON TABLE public.weeks_schedule TO authenticated;
GRANT ALL ON TABLE public.weeks_schedule TO service_role;


--
-- Name: SEQUENCE weeks_schedule_id_seq; Type: ACL; Schema: public; Owner: postgres
--

GRANT ALL ON SEQUENCE public.weeks_schedule_id_seq TO anon;
GRANT ALL ON SEQUENCE public.weeks_schedule_id_seq TO authenticated;
GRANT ALL ON SEQUENCE public.weeks_schedule_id_seq TO service_role;


--
-- Name: TABLE messages; Type: ACL; Schema: realtime; Owner: supabase_realtime_admin
--

GRANT ALL ON TABLE realtime.messages TO postgres;
GRANT ALL ON TABLE realtime.messages TO dashboard_user;
GRANT SELECT,INSERT,UPDATE ON TABLE realtime.messages TO anon;
GRANT SELECT,INSERT,UPDATE ON TABLE realtime.messages TO authenticated;
GRANT SELECT,INSERT,UPDATE ON TABLE realtime.messages TO service_role;


--
-- Name: TABLE schema_migrations; Type: ACL; Schema: realtime; Owner: supabase_admin
--

GRANT ALL ON TABLE realtime.schema_migrations TO postgres;
GRANT ALL ON TABLE realtime.schema_migrations TO dashboard_user;
GRANT SELECT ON TABLE realtime.schema_migrations TO anon;
GRANT SELECT ON TABLE realtime.schema_migrations TO authenticated;
GRANT SELECT ON TABLE realtime.schema_migrations TO service_role;
GRANT ALL ON TABLE realtime.schema_migrations TO supabase_realtime_admin;


--
-- Name: TABLE subscription; Type: ACL; Schema: realtime; Owner: supabase_admin
--

GRANT ALL ON TABLE realtime.subscription TO postgres;
GRANT ALL ON TABLE realtime.subscription TO dashboard_user;
GRANT SELECT ON TABLE realtime.subscription TO anon;
GRANT SELECT ON TABLE realtime.subscription TO authenticated;
GRANT SELECT ON TABLE realtime.subscription TO service_role;
GRANT ALL ON TABLE realtime.subscription TO supabase_realtime_admin;


--
-- Name: SEQUENCE subscription_id_seq; Type: ACL; Schema: realtime; Owner: supabase_admin
--

GRANT ALL ON SEQUENCE realtime.subscription_id_seq TO postgres;
GRANT ALL ON SEQUENCE realtime.subscription_id_seq TO dashboard_user;
GRANT USAGE ON SEQUENCE realtime.subscription_id_seq TO anon;
GRANT USAGE ON SEQUENCE realtime.subscription_id_seq TO authenticated;
GRANT USAGE ON SEQUENCE realtime.subscription_id_seq TO service_role;
GRANT ALL ON SEQUENCE realtime.subscription_id_seq TO supabase_realtime_admin;


--
-- Name: TABLE buckets; Type: ACL; Schema: storage; Owner: supabase_storage_admin
--

REVOKE ALL ON TABLE storage.buckets FROM supabase_storage_admin;
GRANT ALL ON TABLE storage.buckets TO supabase_storage_admin WITH GRANT OPTION;
GRANT ALL ON TABLE storage.buckets TO service_role;
GRANT ALL ON TABLE storage.buckets TO authenticated;
GRANT ALL ON TABLE storage.buckets TO anon;
GRANT ALL ON TABLE storage.buckets TO postgres WITH GRANT OPTION;


--
-- Name: TABLE buckets_analytics; Type: ACL; Schema: storage; Owner: supabase_storage_admin
--

GRANT ALL ON TABLE storage.buckets_analytics TO service_role;
GRANT ALL ON TABLE storage.buckets_analytics TO authenticated;
GRANT ALL ON TABLE storage.buckets_analytics TO anon;


--
-- Name: TABLE buckets_vectors; Type: ACL; Schema: storage; Owner: supabase_storage_admin
--

GRANT SELECT ON TABLE storage.buckets_vectors TO service_role;
GRANT SELECT ON TABLE storage.buckets_vectors TO authenticated;
GRANT SELECT ON TABLE storage.buckets_vectors TO anon;


--
-- Name: TABLE objects; Type: ACL; Schema: storage; Owner: supabase_storage_admin
--

REVOKE ALL ON TABLE storage.objects FROM supabase_storage_admin;
GRANT ALL ON TABLE storage.objects TO supabase_storage_admin WITH GRANT OPTION;
GRANT ALL ON TABLE storage.objects TO service_role;
GRANT ALL ON TABLE storage.objects TO authenticated;
GRANT ALL ON TABLE storage.objects TO anon;
GRANT ALL ON TABLE storage.objects TO postgres WITH GRANT OPTION;


--
-- Name: TABLE s3_multipart_uploads; Type: ACL; Schema: storage; Owner: supabase_storage_admin
--

GRANT ALL ON TABLE storage.s3_multipart_uploads TO service_role;
GRANT SELECT ON TABLE storage.s3_multipart_uploads TO authenticated;
GRANT SELECT ON TABLE storage.s3_multipart_uploads TO anon;


--
-- Name: TABLE s3_multipart_uploads_parts; Type: ACL; Schema: storage; Owner: supabase_storage_admin
--

GRANT ALL ON TABLE storage.s3_multipart_uploads_parts TO service_role;
GRANT SELECT ON TABLE storage.s3_multipart_uploads_parts TO authenticated;
GRANT SELECT ON TABLE storage.s3_multipart_uploads_parts TO anon;


--
-- Name: TABLE vector_indexes; Type: ACL; Schema: storage; Owner: supabase_storage_admin
--

GRANT SELECT ON TABLE storage.vector_indexes TO service_role;
GRANT SELECT ON TABLE storage.vector_indexes TO authenticated;
GRANT SELECT ON TABLE storage.vector_indexes TO anon;


--
-- Name: TABLE secrets; Type: ACL; Schema: vault; Owner: supabase_admin
--

GRANT SELECT,REFERENCES,DELETE,TRUNCATE ON TABLE vault.secrets TO postgres WITH GRANT OPTION;
GRANT SELECT,DELETE ON TABLE vault.secrets TO service_role;


--
-- Name: TABLE decrypted_secrets; Type: ACL; Schema: vault; Owner: supabase_admin
--

GRANT SELECT,REFERENCES,DELETE,TRUNCATE ON TABLE vault.decrypted_secrets TO postgres WITH GRANT OPTION;
GRANT SELECT,DELETE ON TABLE vault.decrypted_secrets TO service_role;


--
-- Name: DEFAULT PRIVILEGES FOR SEQUENCES; Type: DEFAULT ACL; Schema: auth; Owner: supabase_auth_admin
--

ALTER DEFAULT PRIVILEGES FOR ROLE supabase_auth_admin IN SCHEMA auth GRANT ALL ON SEQUENCES TO postgres;
ALTER DEFAULT PRIVILEGES FOR ROLE supabase_auth_admin IN SCHEMA auth GRANT ALL ON SEQUENCES TO dashboard_user;


--
-- Name: DEFAULT PRIVILEGES FOR FUNCTIONS; Type: DEFAULT ACL; Schema: auth; Owner: supabase_auth_admin
--

ALTER DEFAULT PRIVILEGES FOR ROLE supabase_auth_admin IN SCHEMA auth GRANT ALL ON FUNCTIONS TO postgres;
ALTER DEFAULT PRIVILEGES FOR ROLE supabase_auth_admin IN SCHEMA auth GRANT ALL ON FUNCTIONS TO dashboard_user;


--
-- Name: DEFAULT PRIVILEGES FOR TABLES; Type: DEFAULT ACL; Schema: auth; Owner: supabase_auth_admin
--

ALTER DEFAULT PRIVILEGES FOR ROLE supabase_auth_admin IN SCHEMA auth GRANT ALL ON TABLES TO postgres;
ALTER DEFAULT PRIVILEGES FOR ROLE supabase_auth_admin IN SCHEMA auth GRANT ALL ON TABLES TO dashboard_user;


--
-- Name: DEFAULT PRIVILEGES FOR SEQUENCES; Type: DEFAULT ACL; Schema: extensions; Owner: supabase_admin
--

ALTER DEFAULT PRIVILEGES FOR ROLE supabase_admin IN SCHEMA extensions GRANT ALL ON SEQUENCES TO postgres WITH GRANT OPTION;


--
-- Name: DEFAULT PRIVILEGES FOR FUNCTIONS; Type: DEFAULT ACL; Schema: extensions; Owner: supabase_admin
--

ALTER DEFAULT PRIVILEGES FOR ROLE supabase_admin IN SCHEMA extensions GRANT ALL ON FUNCTIONS TO postgres WITH GRANT OPTION;


--
-- Name: DEFAULT PRIVILEGES FOR TABLES; Type: DEFAULT ACL; Schema: extensions; Owner: supabase_admin
--

ALTER DEFAULT PRIVILEGES FOR ROLE supabase_admin IN SCHEMA extensions GRANT ALL ON TABLES TO postgres WITH GRANT OPTION;


--
-- Name: DEFAULT PRIVILEGES FOR SEQUENCES; Type: DEFAULT ACL; Schema: graphql; Owner: supabase_admin
--

ALTER DEFAULT PRIVILEGES FOR ROLE supabase_admin IN SCHEMA graphql GRANT ALL ON SEQUENCES TO postgres;
ALTER DEFAULT PRIVILEGES FOR ROLE supabase_admin IN SCHEMA graphql GRANT ALL ON SEQUENCES TO anon;
ALTER DEFAULT PRIVILEGES FOR ROLE supabase_admin IN SCHEMA graphql GRANT ALL ON SEQUENCES TO authenticated;
ALTER DEFAULT PRIVILEGES FOR ROLE supabase_admin IN SCHEMA graphql GRANT ALL ON SEQUENCES TO service_role;


--
-- Name: DEFAULT PRIVILEGES FOR FUNCTIONS; Type: DEFAULT ACL; Schema: graphql; Owner: supabase_admin
--

ALTER DEFAULT PRIVILEGES FOR ROLE supabase_admin IN SCHEMA graphql GRANT ALL ON FUNCTIONS TO postgres;
ALTER DEFAULT PRIVILEGES FOR ROLE supabase_admin IN SCHEMA graphql GRANT ALL ON FUNCTIONS TO anon;
ALTER DEFAULT PRIVILEGES FOR ROLE supabase_admin IN SCHEMA graphql GRANT ALL ON FUNCTIONS TO authenticated;
ALTER DEFAULT PRIVILEGES FOR ROLE supabase_admin IN SCHEMA graphql GRANT ALL ON FUNCTIONS TO service_role;


--
-- Name: DEFAULT PRIVILEGES FOR TABLES; Type: DEFAULT ACL; Schema: graphql; Owner: supabase_admin
--

ALTER DEFAULT PRIVILEGES FOR ROLE supabase_admin IN SCHEMA graphql GRANT ALL ON TABLES TO postgres;
ALTER DEFAULT PRIVILEGES FOR ROLE supabase_admin IN SCHEMA graphql GRANT ALL ON TABLES TO anon;
ALTER DEFAULT PRIVILEGES FOR ROLE supabase_admin IN SCHEMA graphql GRANT ALL ON TABLES TO authenticated;
ALTER DEFAULT PRIVILEGES FOR ROLE supabase_admin IN SCHEMA graphql GRANT ALL ON TABLES TO service_role;


--
-- Name: DEFAULT PRIVILEGES FOR SEQUENCES; Type: DEFAULT ACL; Schema: graphql_public; Owner: supabase_admin
--

ALTER DEFAULT PRIVILEGES FOR ROLE supabase_admin IN SCHEMA graphql_public GRANT ALL ON SEQUENCES TO postgres;
ALTER DEFAULT PRIVILEGES FOR ROLE supabase_admin IN SCHEMA graphql_public GRANT ALL ON SEQUENCES TO anon;
ALTER DEFAULT PRIVILEGES FOR ROLE supabase_admin IN SCHEMA graphql_public GRANT ALL ON SEQUENCES TO authenticated;
ALTER DEFAULT PRIVILEGES FOR ROLE supabase_admin IN SCHEMA graphql_public GRANT ALL ON SEQUENCES TO service_role;


--
-- Name: DEFAULT PRIVILEGES FOR FUNCTIONS; Type: DEFAULT ACL; Schema: graphql_public; Owner: supabase_admin
--

ALTER DEFAULT PRIVILEGES FOR ROLE supabase_admin IN SCHEMA graphql_public GRANT ALL ON FUNCTIONS TO postgres;
ALTER DEFAULT PRIVILEGES FOR ROLE supabase_admin IN SCHEMA graphql_public GRANT ALL ON FUNCTIONS TO anon;
ALTER DEFAULT PRIVILEGES FOR ROLE supabase_admin IN SCHEMA graphql_public GRANT ALL ON FUNCTIONS TO authenticated;
ALTER DEFAULT PRIVILEGES FOR ROLE supabase_admin IN SCHEMA graphql_public GRANT ALL ON FUNCTIONS TO service_role;


--
-- Name: DEFAULT PRIVILEGES FOR TABLES; Type: DEFAULT ACL; Schema: graphql_public; Owner: supabase_admin
--

ALTER DEFAULT PRIVILEGES FOR ROLE supabase_admin IN SCHEMA graphql_public GRANT ALL ON TABLES TO postgres;
ALTER DEFAULT PRIVILEGES FOR ROLE supabase_admin IN SCHEMA graphql_public GRANT ALL ON TABLES TO anon;
ALTER DEFAULT PRIVILEGES FOR ROLE supabase_admin IN SCHEMA graphql_public GRANT ALL ON TABLES TO authenticated;
ALTER DEFAULT PRIVILEGES FOR ROLE supabase_admin IN SCHEMA graphql_public GRANT ALL ON TABLES TO service_role;


--
-- Name: DEFAULT PRIVILEGES FOR TABLES; Type: DEFAULT ACL; Schema: public; Owner: postgres
--

ALTER DEFAULT PRIVILEGES FOR ROLE postgres IN SCHEMA public GRANT ALL ON TABLES TO anon;
ALTER DEFAULT PRIVILEGES FOR ROLE postgres IN SCHEMA public GRANT ALL ON TABLES TO authenticated;
ALTER DEFAULT PRIVILEGES FOR ROLE postgres IN SCHEMA public GRANT ALL ON TABLES TO service_role;


--
-- Name: DEFAULT PRIVILEGES FOR SEQUENCES; Type: DEFAULT ACL; Schema: realtime; Owner: supabase_admin
--

ALTER DEFAULT PRIVILEGES FOR ROLE supabase_admin IN SCHEMA realtime GRANT ALL ON SEQUENCES TO postgres;
ALTER DEFAULT PRIVILEGES FOR ROLE supabase_admin IN SCHEMA realtime GRANT ALL ON SEQUENCES TO dashboard_user;


--
-- Name: DEFAULT PRIVILEGES FOR FUNCTIONS; Type: DEFAULT ACL; Schema: realtime; Owner: supabase_admin
--

ALTER DEFAULT PRIVILEGES FOR ROLE supabase_admin IN SCHEMA realtime GRANT ALL ON FUNCTIONS TO postgres;
ALTER DEFAULT PRIVILEGES FOR ROLE supabase_admin IN SCHEMA realtime GRANT ALL ON FUNCTIONS TO dashboard_user;


--
-- Name: DEFAULT PRIVILEGES FOR TABLES; Type: DEFAULT ACL; Schema: realtime; Owner: supabase_admin
--

ALTER DEFAULT PRIVILEGES FOR ROLE supabase_admin IN SCHEMA realtime GRANT ALL ON TABLES TO postgres;
ALTER DEFAULT PRIVILEGES FOR ROLE supabase_admin IN SCHEMA realtime GRANT ALL ON TABLES TO dashboard_user;


--
-- Name: DEFAULT PRIVILEGES FOR SEQUENCES; Type: DEFAULT ACL; Schema: storage; Owner: postgres
--

ALTER DEFAULT PRIVILEGES FOR ROLE postgres IN SCHEMA storage GRANT ALL ON SEQUENCES TO postgres;
ALTER DEFAULT PRIVILEGES FOR ROLE postgres IN SCHEMA storage GRANT ALL ON SEQUENCES TO anon;
ALTER DEFAULT PRIVILEGES FOR ROLE postgres IN SCHEMA storage GRANT ALL ON SEQUENCES TO authenticated;
ALTER DEFAULT PRIVILEGES FOR ROLE postgres IN SCHEMA storage GRANT ALL ON SEQUENCES TO service_role;


--
-- Name: DEFAULT PRIVILEGES FOR FUNCTIONS; Type: DEFAULT ACL; Schema: storage; Owner: postgres
--

ALTER DEFAULT PRIVILEGES FOR ROLE postgres IN SCHEMA storage GRANT ALL ON FUNCTIONS TO postgres;
ALTER DEFAULT PRIVILEGES FOR ROLE postgres IN SCHEMA storage GRANT ALL ON FUNCTIONS TO anon;
ALTER DEFAULT PRIVILEGES FOR ROLE postgres IN SCHEMA storage GRANT ALL ON FUNCTIONS TO authenticated;
ALTER DEFAULT PRIVILEGES FOR ROLE postgres IN SCHEMA storage GRANT ALL ON FUNCTIONS TO service_role;


--
-- Name: DEFAULT PRIVILEGES FOR TABLES; Type: DEFAULT ACL; Schema: storage; Owner: postgres
--

ALTER DEFAULT PRIVILEGES FOR ROLE postgres IN SCHEMA storage GRANT ALL ON TABLES TO postgres;
ALTER DEFAULT PRIVILEGES FOR ROLE postgres IN SCHEMA storage GRANT ALL ON TABLES TO anon;
ALTER DEFAULT PRIVILEGES FOR ROLE postgres IN SCHEMA storage GRANT ALL ON TABLES TO authenticated;
ALTER DEFAULT PRIVILEGES FOR ROLE postgres IN SCHEMA storage GRANT ALL ON TABLES TO service_role;


--
-- Name: issue_graphql_placeholder; Type: EVENT TRIGGER; Schema: -; Owner: supabase_admin
--

CREATE EVENT TRIGGER issue_graphql_placeholder ON sql_drop
         WHEN TAG IN ('DROP EXTENSION')
   EXECUTE FUNCTION extensions.set_graphql_placeholder();


ALTER EVENT TRIGGER issue_graphql_placeholder OWNER TO supabase_admin;

--
-- Name: issue_pg_cron_access; Type: EVENT TRIGGER; Schema: -; Owner: supabase_admin
--

CREATE EVENT TRIGGER issue_pg_cron_access ON ddl_command_end
         WHEN TAG IN ('CREATE EXTENSION')
   EXECUTE FUNCTION extensions.grant_pg_cron_access();


ALTER EVENT TRIGGER issue_pg_cron_access OWNER TO supabase_admin;

--
-- Name: issue_pg_graphql_access; Type: EVENT TRIGGER; Schema: -; Owner: supabase_admin
--

CREATE EVENT TRIGGER issue_pg_graphql_access ON ddl_command_end
         WHEN TAG IN ('CREATE FUNCTION')
   EXECUTE FUNCTION extensions.grant_pg_graphql_access();


ALTER EVENT TRIGGER issue_pg_graphql_access OWNER TO supabase_admin;

--
-- Name: issue_pg_net_access; Type: EVENT TRIGGER; Schema: -; Owner: supabase_admin
--

CREATE EVENT TRIGGER issue_pg_net_access ON ddl_command_end
         WHEN TAG IN ('CREATE EXTENSION')
   EXECUTE FUNCTION extensions.grant_pg_net_access();


ALTER EVENT TRIGGER issue_pg_net_access OWNER TO supabase_admin;

--
-- Name: pgrst_ddl_watch; Type: EVENT TRIGGER; Schema: -; Owner: supabase_admin
--

CREATE EVENT TRIGGER pgrst_ddl_watch ON ddl_command_end
   EXECUTE FUNCTION extensions.pgrst_ddl_watch();


ALTER EVENT TRIGGER pgrst_ddl_watch OWNER TO supabase_admin;

--
-- Name: pgrst_drop_watch; Type: EVENT TRIGGER; Schema: -; Owner: supabase_admin
--

CREATE EVENT TRIGGER pgrst_drop_watch ON sql_drop
   EXECUTE FUNCTION extensions.pgrst_drop_watch();


ALTER EVENT TRIGGER pgrst_drop_watch OWNER TO supabase_admin;

--
-- PostgreSQL database dump complete
--

\unrestrict CQXTmuTTxZhzleLEa8xxg6bsDLzgOVg0CW0PVPZWsN0nFMuowH2x0UdIQK6y1ok

